"date","year","monthnumber","month","mm_yyyy","daynumber","newcases","totalcases","newdeaths","totalvaccinations","peoplevaccinated","peoplefullyvaccinated","newvaccinations","numberofpassengers"
"2020-01-01","2020",1,"January","Jan-20",4,NULL,NULL,NULL,NULL,NULL,NULL,NULL,2178656
"2020-01-02","2020",1,"January","Jan-20",5,NULL,NULL,NULL,NULL,NULL,NULL,NULL,2422272
"2020-01-03","2020",1,"January","Jan-20",6,NULL,NULL,NULL,NULL,NULL,NULL,NULL,2210542
"2020-01-04","2020",1,"January","Jan-20",7,NULL,NULL,NULL,NULL,NULL,NULL,NULL,1806480
"2020-01-05","2020",1,"January","Jan-20",1,NULL,NULL,NULL,NULL,NULL,NULL,NULL,1815040
"2020-01-06","2020",1,"January","Jan-20",2,NULL,NULL,NULL,NULL,NULL,NULL,NULL,2034472
"2020-01-07","2020",1,"January","Jan-20",3,NULL,NULL,NULL,NULL,NULL,NULL,NULL,2072543
"2020-01-08","2020",1,"January","Jan-20",4,NULL,NULL,NULL,NULL,NULL,NULL,NULL,1687974
"2020-01-09","2020",1,"January","Jan-20",5,NULL,NULL,NULL,NULL,NULL,NULL,NULL,2183734
"2020-01-10","2020",1,"January","Jan-20",6,NULL,NULL,NULL,NULL,NULL,NULL,NULL,1992453
"2020-01-11","2020",1,"January","Jan-20",7,NULL,NULL,NULL,NULL,NULL,NULL,NULL,1691205
"2020-01-12","2020",1,"January","Jan-20",1,NULL,NULL,NULL,NULL,NULL,NULL,NULL,1876782
"2020-01-13","2020",1,"January","Jan-20",2,NULL,NULL,NULL,NULL,NULL,NULL,NULL,2242656
"2020-01-14","2020",1,"January","Jan-20",3,NULL,NULL,NULL,NULL,NULL,NULL,NULL,2347075
"2020-01-15","2020",1,"January","Jan-20",4,NULL,NULL,NULL,NULL,NULL,NULL,NULL,1781893
"2020-01-16","2020",1,"January","Jan-20",5,NULL,NULL,NULL,NULL,NULL,NULL,NULL,2000260
"2020-01-17","2020",1,"January","Jan-20",6,NULL,NULL,NULL,NULL,NULL,NULL,NULL,2298616
"2020-01-18","2020",1,"January","Jan-20",7,NULL,NULL,NULL,NULL,NULL,NULL,NULL,1870459
"2020-01-19","2020",1,"January","Jan-20",1,NULL,NULL,NULL,NULL,NULL,NULL,NULL,1801444
"2020-01-20","2020",1,"January","Jan-20",2,NULL,NULL,NULL,NULL,NULL,NULL,NULL,2100401
"2020-01-21","2020",1,"January","Jan-20",3,NULL,NULL,NULL,NULL,NULL,NULL,NULL,2145063
"2020-01-22","2020",1,"January","Jan-20",4,NULL,1,NULL,NULL,NULL,NULL,NULL,1645196
"2020-01-23","2020",1,"January","Jan-20",5,0,1,NULL,NULL,NULL,NULL,NULL,2136584
"2020-01-24","2020",1,"January","Jan-20",6,1,2,NULL,NULL,NULL,NULL,NULL,2004609
"2020-01-25","2020",1,"January","Jan-20",7,0,2,NULL,NULL,NULL,NULL,NULL,1643435
"2020-01-26","2020",1,"January","Jan-20",1,3,5,NULL,NULL,NULL,NULL,NULL,1777171
"2020-01-27","2020",1,"January","Jan-20",2,0,5,NULL,NULL,NULL,NULL,NULL,2085468
"2020-01-28","2020",1,"January","Jan-20",3,0,5,NULL,NULL,NULL,NULL,NULL,2159047
"2020-01-29","2020",1,"January","Jan-20",4,1,6,NULL,NULL,NULL,NULL,NULL,1658886
"2020-01-30","2020",1,"January","Jan-20",5,0,6,NULL,NULL,NULL,NULL,NULL,1948138
"2020-01-31","2020",1,"January","Jan-20",6,2,8,NULL,NULL,NULL,NULL,NULL,2054725
"2020-02-01","2020",2,"February","Feb-20",7,0,8,NULL,NULL,NULL,NULL,NULL,1677798
"2020-02-02","2020",2,"February","Feb-20",1,0,8,NULL,NULL,NULL,NULL,NULL,1843877
"2020-02-03","2020",2,"February","Feb-20",2,3,11,NULL,NULL,NULL,NULL,NULL,2167857
"2020-02-04","2020",2,"February","Feb-20",3,0,11,NULL,NULL,NULL,NULL,NULL,2271551
"2020-02-05","2020",2,"February","Feb-20",4,0,11,NULL,NULL,NULL,NULL,NULL,1770241
"2020-02-06","2020",2,"February","Feb-20",5,1,12,NULL,NULL,NULL,NULL,NULL,2224826
"2020-02-07","2020",2,"February","Feb-20",6,0,12,NULL,NULL,NULL,NULL,NULL,2164951
"2020-02-08","2020",2,"February","Feb-20",7,0,12,NULL,NULL,NULL,NULL,NULL,1814047
"2020-02-09","2020",2,"February","Feb-20",1,0,12,NULL,NULL,NULL,NULL,NULL,2038375
"2020-02-10","2020",2,"February","Feb-20",2,0,12,NULL,NULL,NULL,NULL,NULL,2415185
"2020-02-11","2020",2,"February","Feb-20",3,1,13,NULL,NULL,NULL,NULL,NULL,2507588
"2020-02-12","2020",2,"February","Feb-20",4,0,13,NULL,NULL,NULL,NULL,NULL,1972248
"2020-02-13","2020",2,"February","Feb-20",5,1,14,NULL,NULL,NULL,NULL,NULL,2198657
"2020-02-14","2020",2,"February","Feb-20",6,0,14,NULL,NULL,NULL,NULL,NULL,2494922
"2020-02-15","2020",2,"February","Feb-20",7,0,14,NULL,NULL,NULL,NULL,NULL,2190300
"2020-02-16","2020",2,"February","Feb-20",1,0,14,NULL,NULL,NULL,NULL,NULL,2129862
"2020-02-17","2020",2,"February","Feb-20",2,0,14,NULL,NULL,NULL,NULL,NULL,2358511
"2020-02-18","2020",2,"February","Feb-20",3,0,14,NULL,NULL,NULL,NULL,NULL,2429489
"2020-02-19","2020",2,"February","Feb-20",4,0,14,NULL,NULL,NULL,NULL,NULL,1951535
"2020-02-20","2020",2,"February","Feb-20",5,0,14,NULL,NULL,NULL,NULL,NULL,2380359
"2020-02-21","2020",2,"February","Feb-20",6,2,16,NULL,NULL,NULL,NULL,NULL,2267382
"2020-02-22","2020",2,"February","Feb-20",7,0,16,NULL,NULL,NULL,NULL,NULL,1919803
"2020-02-23","2020",2,"February","Feb-20",1,0,16,NULL,NULL,NULL,NULL,NULL,2075554
"2020-02-24","2020",2,"February","Feb-20",2,0,16,NULL,NULL,NULL,NULL,NULL,2364727
"2020-02-25","2020",2,"February","Feb-20",3,0,16,NULL,NULL,NULL,NULL,NULL,2441643
"2020-02-26","2020",2,"February","Feb-20",4,0,16,NULL,NULL,NULL,NULL,NULL,1949696
"2020-02-27","2020",2,"February","Feb-20",5,1,17,NULL,NULL,NULL,NULL,NULL,2353150
"2020-02-28","2020",2,"February","Feb-20",6,0,17,NULL,NULL,NULL,NULL,NULL,2089641
"2020-02-29","2020",2,"February","Feb-20",7,8,25,1,NULL,NULL,NULL,NULL,1736393
"2020-03-01","2020",3,"March","Mar-20",1,7,32,0,NULL,NULL,NULL,NULL,1877401
"2020-03-02","2020",3,"March","Mar-20",2,23,55,5,NULL,NULL,NULL,NULL,2130015
"2020-03-03","2020",3,"March","Mar-20",3,19,74,1,NULL,NULL,NULL,NULL,2198517
"2020-03-04","2020",3,"March","Mar-20",4,33,107,4,NULL,NULL,NULL,NULL,1844811
"2020-03-05","2020",3,"March","Mar-20",5,77,184,1,NULL,NULL,NULL,NULL,2119867
"2020-03-06","2020",3,"March","Mar-20",6,53,237,2,NULL,NULL,NULL,NULL,1909363
"2020-03-07","2020",3,"March","Mar-20",7,166,403,3,NULL,NULL,NULL,NULL,1617220
"2020-03-08","2020",3,"March","Mar-20",1,116,519,4,NULL,NULL,NULL,NULL,1702686
"2020-03-09","2020",3,"March","Mar-20",2,75,594,1,NULL,NULL,NULL,NULL,1788456
"2020-03-10","2020",3,"March","Mar-20",3,188,782,6,NULL,NULL,NULL,NULL,1714372
"2020-03-11","2020",3,"March","Mar-20",4,365,1147,5,NULL,NULL,NULL,NULL,1485553
"2020-03-12","2020",3,"March","Mar-20",5,439,1586,10,NULL,NULL,NULL,NULL,1519192
"2020-03-13","2020",3,"March","Mar-20",6,633,2219,8,NULL,NULL,NULL,NULL,1257823
"2020-03-14","2020",3,"March","Mar-20",7,759,2978,7,NULL,NULL,NULL,NULL,953699
"2020-03-15","2020",3,"March","Mar-20",1,234,3212,12,NULL,NULL,NULL,NULL,779631
"2020-03-16","2020",3,"March","Mar-20",2,1467,4679,27,NULL,NULL,NULL,NULL,620883
"2020-03-17","2020",3,"March","Mar-20",3,1833,6512,37,NULL,NULL,NULL,NULL,593167
"2020-03-18","2020",3,"March","Mar-20",4,2657,9169,60,NULL,NULL,NULL,NULL,548132
"2020-03-19","2020",3,"March","Mar-20",5,4494,13663,72,NULL,NULL,NULL,NULL,454516
"2020-03-20","2020",3,"March","Mar-20",6,6367,20030,106,NULL,NULL,NULL,NULL,331431
"2020-03-21","2020",3,"March","Mar-20",7,5995,26025,103,NULL,NULL,NULL,NULL,279018
"2020-03-22","2020",3,"March","Mar-20",1,8919,34944,128,NULL,NULL,NULL,NULL,239234
"2020-03-23","2020",3,"March","Mar-20",2,11152,46096,187,NULL,NULL,NULL,NULL,203858
"2020-03-24","2020",3,"March","Mar-20",3,10618,56714,243,NULL,NULL,NULL,NULL,199644
"2020-03-25","2020",3,"March","Mar-20",4,12127,68841,333,NULL,NULL,NULL,NULL,184027
"2020-03-26","2020",3,"March","Mar-20",5,17821,86662,417,NULL,NULL,NULL,NULL,180002
"2020-03-27","2020",3,"March","Mar-20",6,18591,105253,522,NULL,NULL,NULL,NULL,154080
"2020-03-28","2020",3,"March","Mar-20",7,22164,127417,713,NULL,NULL,NULL,NULL,146348
"2020-03-29","2020",3,"March","Mar-20",1,16127,143544,555,NULL,NULL,NULL,NULL,136023
"2020-03-30","2020",3,"March","Mar-20",2,22154,165698,707,NULL,NULL,NULL,NULL,124021
"2020-03-31","2020",3,"March","Mar-20",3,26381,192079,1079,NULL,NULL,NULL,NULL,129763
"2020-04-01","2020",4,"April","Apr-20",4,31175,223254,1252,NULL,NULL,NULL,NULL,118302
"2020-04-02","2020",4,"April","Apr-20",5,32276,255530,1531,NULL,NULL,NULL,NULL,122029
"2020-04-03","2020",4,"April","Apr-20",6,32401,287931,1420,NULL,NULL,NULL,NULL,108310
"2020-04-04","2020",4,"April","Apr-20",7,31845,319776,1603,NULL,NULL,NULL,NULL,97130
"2020-04-05","2020",4,"April","Apr-20",1,29240,349016,1616,NULL,NULL,NULL,NULL,94931
"2020-04-06","2020",4,"April","Apr-20",2,31782,380798,1742,NULL,NULL,NULL,NULL,104090
"2020-04-07","2020",4,"April","Apr-20",3,30036,410834,2576,NULL,NULL,NULL,NULL,108977
"2020-04-08","2020",4,"April","Apr-20",4,31063,441897,2150,NULL,NULL,NULL,NULL,93645
"2020-04-09","2020",4,"April","Apr-20",5,35610,477507,2214,NULL,NULL,NULL,NULL,90510
"2020-04-10","2020",4,"April","Apr-20",6,34283,511790,2187,NULL,NULL,NULL,NULL,102184
"2020-04-11","2020",4,"April","Apr-20",7,28924,540714,2136,NULL,NULL,NULL,NULL,87534
"2020-04-12","2020",4,"April","Apr-20",1,26308,567022,1889,NULL,NULL,NULL,NULL,90784
"2020-04-13","2020",4,"April","Apr-20",2,27143,594165,1985,NULL,NULL,NULL,NULL,95085
"2020-04-14","2020",4,"April","Apr-20",3,28328,622493,2473,NULL,NULL,NULL,NULL,106385
"2020-04-15","2020",4,"April","Apr-20",4,25897,648390,2598,NULL,NULL,NULL,NULL,97236
"2020-04-16","2020",4,"April","Apr-20",5,29638,678028,2183,NULL,NULL,NULL,NULL,105382
"2020-04-17","2020",4,"April","Apr-20",6,33107,711135,2095,NULL,NULL,NULL,NULL,99344
"2020-04-18","2020",4,"April","Apr-20",7,27329,738464,1946,NULL,NULL,NULL,NULL,92859
"2020-04-19","2020",4,"April","Apr-20",1,25422,763886,1980,NULL,NULL,NULL,NULL,98968
"2020-04-20","2020",4,"April","Apr-20",2,30084,793970,2245,NULL,NULL,NULL,NULL,111627
"2020-04-21","2020",4,"April","Apr-20",3,26075,820045,2482,NULL,NULL,NULL,NULL,123464
"2020-04-22","2020",4,"April","Apr-20",4,29881,849926,2467,NULL,NULL,NULL,NULL,114459
"2020-04-23","2020",4,"April","Apr-20",5,31965,881891,2414,NULL,NULL,NULL,NULL,128875
"2020-04-24","2020",4,"April","Apr-20",6,31965,913856,2169,NULL,NULL,NULL,NULL,119854
"2020-04-25","2020",4,"April","Apr-20",7,30914,944770,1734,NULL,NULL,NULL,NULL,110913
"2020-04-26","2020",4,"April","Apr-20",1,25971,970741,1406,NULL,NULL,NULL,NULL,119629
"2020-04-27","2020",4,"April","Apr-20",2,24650,995391,1480,NULL,NULL,NULL,NULL,154695
"2020-04-28","2020",4,"April","Apr-20",3,24573,1019964,2244,NULL,NULL,NULL,NULL,171563
"2020-04-29","2020",4,"April","Apr-20",4,26852,1046816,2392,NULL,NULL,NULL,NULL,134261
"2020-04-30","2020",4,"April","Apr-20",5,29702,1076518,2191,NULL,NULL,NULL,NULL,170254
"2020-05-01","2020",5,"May","May-20",6,34892,1111410,1908,NULL,NULL,NULL,NULL,163692
"2020-05-02","2020",5,"May","May-20",7,26764,1138174,1743,NULL,NULL,NULL,NULL,130601
"2020-05-03","2020",5,"May","May-20",1,23733,1161907,1203,NULL,NULL,NULL,NULL,140409
"2020-05-04","2020",5,"May","May-20",2,23802,1185709,1358,NULL,NULL,NULL,NULL,190863
"2020-05-05","2020",5,"May","May-20",3,24019,1209728,2221,NULL,NULL,NULL,NULL,215444
"2020-05-06","2020",5,"May","May-20",4,24482,1234210,2322,NULL,NULL,NULL,NULL,169580
"2020-05-07","2020",5,"May","May-20",5,27739,1261949,1915,NULL,NULL,NULL,NULL,200815
"2020-05-08","2020",5,"May","May-20",6,27183,1289132,1771,NULL,NULL,NULL,NULL,215645
"2020-05-09","2020",5,"May","May-20",7,24454,1313586,1466,NULL,NULL,NULL,NULL,163205
"2020-05-10","2020",5,"May","May-20",1,18747,1332333,1000,NULL,NULL,NULL,NULL,176667
"2020-05-11","2020",5,"May","May-20",2,19077,1351410,1035,NULL,NULL,NULL,NULL,234928
"2020-05-12","2020",5,"May","May-20",3,23382,1374792,1589,NULL,NULL,NULL,NULL,250467
"2020-05-13","2020",5,"May","May-20",4,20015,1394807,1735,NULL,NULL,NULL,NULL,193340
"2020-05-14","2020",5,"May","May-20",5,25890,1420697,1773,NULL,NULL,NULL,NULL,253807
"2020-05-15","2020",5,"May","May-20",6,24851,1445548,1665,NULL,NULL,NULL,NULL,244176
"2020-05-16","2020",5,"May","May-20",7,24050,1469598,1197,NULL,NULL,NULL,NULL,190477
"2020-05-17","2020",5,"May","May-20",1,18729,1488327,830,NULL,NULL,NULL,NULL,230367
"2020-05-18","2020",5,"May","May-20",2,22308,1510635,1220,NULL,NULL,NULL,NULL,318449
"2020-05-19","2020",5,"May","May-20",3,20503,1531138,1445,NULL,NULL,NULL,NULL,348673
"2020-05-20","2020",5,"May","May-20",4,22826,1553964,1503,NULL,NULL,NULL,NULL,253190
"2020-05-21","2020",5,"May","May-20",5,25152,1579116,1188,NULL,NULL,NULL,NULL,267451
"2020-05-22","2020",5,"May","May-20",6,23829,1602945,1204,NULL,NULL,NULL,NULL,340769
"2020-05-23","2020",5,"May","May-20",7,20189,1623134,1074,NULL,NULL,NULL,NULL,264843
"2020-05-24","2020",5,"May","May-20",1,20174,1643308,641,NULL,NULL,NULL,NULL,261170
"2020-05-25","2020",5,"May","May-20",2,19094,1662402,597,NULL,NULL,NULL,NULL,321776
"2020-05-26","2020",5,"May","May-20",3,18726,1681128,657,NULL,NULL,NULL,NULL,327133
"2020-05-27","2020",5,"May","May-20",4,18763,1699891,1479,NULL,NULL,NULL,NULL,268867
"2020-05-28","2020",5,"May","May-20",5,21267,1721158,1089,NULL,NULL,NULL,NULL,352947
"2020-05-29","2020",5,"May","May-20",6,25082,1746240,1117,NULL,NULL,NULL,NULL,353261
"2020-05-30","2020",5,"May","May-20",7,23080,1769320,952,NULL,NULL,NULL,NULL,267742
"2020-05-31","2020",5,"May","May-20",1,18919,1788239,621,NULL,NULL,NULL,NULL,304436
"2020-06-01","2020",6,"June","Jun-20",2,17840,1806079,774,NULL,NULL,NULL,NULL,391882
"2020-06-02","2020",6,"June","Jun-20",3,20090,1826169,981,NULL,NULL,NULL,NULL,419675
"2020-06-03","2020",6,"June","Jun-20",4,19156,1845325,1011,NULL,NULL,NULL,NULL,353016
"2020-06-04","2020",6,"June","Jun-20",5,27934,1873259,1005,NULL,NULL,NULL,NULL,441255
"2020-06-05","2020",6,"June","Jun-20",6,26440,1899699,880,NULL,NULL,NULL,NULL,430414
"2020-06-06","2020",6,"June","Jun-20",7,20269,1919968,638,NULL,NULL,NULL,NULL,338382
"2020-06-07","2020",6,"June","Jun-20",1,17826,1937794,456,NULL,NULL,NULL,NULL,386969
"2020-06-08","2020",6,"June","Jun-20",2,16900,1954694,512,NULL,NULL,NULL,NULL,502209
"2020-06-09","2020",6,"June","Jun-20",3,20321,1975015,918,NULL,NULL,NULL,NULL,519304
"2020-06-10","2020",6,"June","Jun-20",4,21718,1996733,872,NULL,NULL,NULL,NULL,437119
"2020-06-11","2020",6,"June","Jun-20",5,22278,2019011,817,NULL,NULL,NULL,NULL,426083
"2020-06-12","2020",6,"June","Jun-20",6,25558,2044569,822,NULL,NULL,NULL,NULL,502968
"2020-06-13","2020",6,"June","Jun-20",7,24157,2068726,720,NULL,NULL,NULL,NULL,544046
"2020-06-14","2020",6,"June","Jun-20",1,18901,2087627,347,NULL,NULL,NULL,NULL,534528
"2020-06-15","2020",6,"June","Jun-20",2,20999,2108626,401,NULL,NULL,NULL,NULL,417924
"2020-06-16","2020",6,"June","Jun-20",3,24549,2133175,785,NULL,NULL,NULL,NULL,441829
"2020-06-17","2020",6,"June","Jun-20",4,27050,2160225,749,NULL,NULL,NULL,NULL,576514
"2020-06-18","2020",6,"June","Jun-20",5,28227,2188452,701,NULL,NULL,NULL,NULL,587908
"2020-06-19","2020",6,"June","Jun-20",6,31054,2219506,634,NULL,NULL,NULL,NULL,507129
"2020-06-20","2020",6,"June","Jun-20",7,31826,2251332,565,NULL,NULL,NULL,NULL,590456
"2020-06-21","2020",6,"June","Jun-20",1,25836,2277168,317,NULL,NULL,NULL,NULL,607540
"2020-06-22","2020",6,"June","Jun-20",2,29801,2306969,379,NULL,NULL,NULL,NULL,471421
"2020-06-23","2020",6,"June","Jun-20",3,38729,2345698,740,NULL,NULL,NULL,NULL,494826
"2020-06-24","2020",6,"June","Jun-20",4,36251,2381949,756,NULL,NULL,NULL,NULL,623624
"2020-06-25","2020",6,"June","Jun-20",5,39299,2421248,549,NULL,NULL,NULL,NULL,632984
"2020-06-26","2020",6,"June","Jun-20",6,49046,2470294,630,NULL,NULL,NULL,NULL,546310
"2020-06-27","2020",6,"June","Jun-20",7,40754,2511048,497,NULL,NULL,NULL,NULL,633810
"2020-06-28","2020",6,"June","Jun-20",1,42925,2553973,324,NULL,NULL,NULL,NULL,625235
"2020-06-29","2020",6,"June","Jun-20",2,41295,2595268,371,NULL,NULL,NULL,NULL,500054
"2020-06-30","2020",6,"June","Jun-20",3,49824,2645092,554,NULL,NULL,NULL,NULL,626516
"2020-07-01","2020",7,"July","Jul-20",4,49123,2694215,701,NULL,NULL,NULL,NULL,764761
"2020-07-02","2020",7,"July","Jul-20",5,54943,2749158,739,NULL,NULL,NULL,NULL,718988
"2020-07-03","2020",7,"July","Jul-20",6,51504,2800662,677,NULL,NULL,NULL,NULL,466669
"2020-07-04","2020",7,"July","Jul-20",7,45945,2846607,302,NULL,NULL,NULL,NULL,732123
"2020-07-05","2020",7,"July","Jul-20",1,53728,2900335,322,NULL,NULL,NULL,NULL,755555
"2020-07-06","2020",7,"July","Jul-20",2,43165,2943500,370,NULL,NULL,NULL,NULL,641761
"2020-07-07","2020",7,"July","Jul-20",3,57231,3000731,1143,NULL,NULL,NULL,NULL,632498
"2020-07-08","2020",7,"July","Jul-20",4,60306,3061037,842,NULL,NULL,NULL,NULL,709653
"2020-07-09","2020",7,"July","Jul-20",5,59656,3120693,1036,NULL,NULL,NULL,NULL,711124
"2020-07-10","2020",7,"July","Jul-20",6,68859,3189552,818,NULL,NULL,NULL,NULL,656284
"2020-07-11","2020",7,"July","Jul-20",7,60439,3249991,751,NULL,NULL,NULL,NULL,754545
"2020-07-12","2020",7,"July","Jul-20",1,60132,3310123,474,NULL,NULL,NULL,NULL,697985
"2020-07-13","2020",7,"July","Jul-20",2,59364,3369487,435,NULL,NULL,NULL,NULL,540268
"2020-07-14","2020",7,"July","Jul-20",3,65662,3435149,898,NULL,NULL,NULL,NULL,589285
"2020-07-15","2020",7,"July","Jul-20",4,66026,3501175,964,NULL,NULL,NULL,NULL,706164
"2020-07-16","2020",7,"July","Jul-20",5,70814,3571989,967,NULL,NULL,NULL,NULL,720378
"2020-07-17","2020",7,"July","Jul-20",6,66472,3638461,920,NULL,NULL,NULL,NULL,646654
"2020-07-18","2020",7,"July","Jul-20",7,64322,3702783,887,NULL,NULL,NULL,NULL,747422
"2020-07-19","2020",7,"July","Jul-20",1,58932,3761715,479,NULL,NULL,NULL,NULL,695330
"2020-07-20","2020",7,"July","Jul-20",2,60663,3822378,532,NULL,NULL,NULL,NULL,530421
"2020-07-21","2020",7,"July","Jul-20",3,68194,3890572,1088,NULL,NULL,NULL,NULL,570951
"2020-07-22","2020",7,"July","Jul-20",4,67545,3958117,1226,NULL,NULL,NULL,NULL,704815
"2020-07-23","2020",7,"July","Jul-20",5,67886,4026003,1090,NULL,NULL,NULL,NULL,724770
"2020-07-24","2020",7,"July","Jul-20",6,75147,4101150,1092,NULL,NULL,NULL,NULL,649027
"2020-07-25","2020",7,"July","Jul-20",7,64200,4165350,971,NULL,NULL,NULL,NULL,751205
"2020-07-26","2020",7,"July","Jul-20",1,55839,4221189,537,NULL,NULL,NULL,NULL,700043
"2020-07-27","2020",7,"July","Jul-20",2,59724,4280913,1110,NULL,NULL,NULL,NULL,536756
"2020-07-28","2020",7,"July","Jul-20",3,64830,4345743,1217,NULL,NULL,NULL,NULL,573200
"2020-07-29","2020",7,"July","Jul-20",4,64128,4409871,1444,NULL,NULL,NULL,NULL,718310
"2020-07-30","2020",7,"July","Jul-20",5,69241,4479112,1295,NULL,NULL,NULL,NULL,767320
"2020-07-31","2020",7,"July","Jul-20",6,64576,4543688,1185,NULL,NULL,NULL,NULL,709033
"2020-08-01","2020",8,"August","Aug-20",7,57578,4601266,1119,NULL,NULL,NULL,NULL,799861
"2020-08-02","2020",8,"August","Aug-20",1,47109,4648375,462,NULL,NULL,NULL,NULL,737235
"2020-08-03","2020",8,"August","Aug-20",2,41684,4690059,562,NULL,NULL,NULL,NULL,543601
"2020-08-04","2020",8,"August","Aug-20",3,61657,4751716,1258,NULL,NULL,NULL,NULL,595739
"2020-08-05","2020",8,"August","Aug-20",4,54348,4806064,1413,NULL,NULL,NULL,NULL,743599
"2020-08-06","2020",8,"August","Aug-20",5,60180,4866244,1183,NULL,NULL,NULL,NULL,762547
"2020-08-07","2020",8,"August","Aug-20",6,60587,4926831,1295,NULL,NULL,NULL,NULL,683212
"2020-08-08","2020",8,"August","Aug-20",7,63933,4990764,1086,NULL,NULL,NULL,NULL,831789
"2020-08-09","2020",8,"August","Aug-20",1,54267,5045031,573,NULL,NULL,NULL,NULL,761861
"2020-08-10","2020",8,"August","Aug-20",2,51617,5096648,522,NULL,NULL,NULL,NULL,559420
"2020-08-11","2020",8,"August","Aug-20",3,56955,5153603,1085,NULL,NULL,NULL,NULL,590749
"2020-08-12","2020",8,"August","Aug-20",4,55244,5208847,1511,NULL,NULL,NULL,NULL,761821
"2020-08-13","2020",8,"August","Aug-20",5,51656,5260503,1040,NULL,NULL,NULL,NULL,783744
"2020-08-14","2020",8,"August","Aug-20",6,70125,5330628,1309,NULL,NULL,NULL,NULL,689895
"2020-08-15","2020",8,"August","Aug-20",7,52395,5383023,1042,NULL,NULL,NULL,NULL,862949
"2020-08-16","2020",8,"August","Aug-20",1,34662,5417685,613,NULL,NULL,NULL,NULL,773319
"2020-08-17","2020",8,"August","Aug-20",2,37849,5455534,472,NULL,NULL,NULL,NULL,565946
"2020-08-18","2020",8,"August","Aug-20",3,44902,5500436,1230,NULL,NULL,NULL,NULL,586718
"2020-08-19","2020",8,"August","Aug-20",4,45884,5546320,684,NULL,NULL,NULL,NULL,772380
"2020-08-20","2020",8,"August","Aug-20",5,45128,5591448,1100,NULL,NULL,NULL,NULL,764468
"2020-08-21","2020",8,"August","Aug-20",6,47591,5639039,1096,NULL,NULL,NULL,NULL,625822
"2020-08-22","2020",8,"August","Aug-20",7,45673,5684712,962,NULL,NULL,NULL,NULL,841806
"2020-08-23","2020",8,"August","Aug-20",1,31911,5716623,503,NULL,NULL,NULL,NULL,726788
"2020-08-24","2020",8,"August","Aug-20",2,33923,5750546,426,NULL,NULL,NULL,NULL,523186
"2020-08-25","2020",8,"August","Aug-20",3,42673,5793219,1219,NULL,NULL,NULL,NULL,540043
"2020-08-26","2020",8,"August","Aug-20",4,42073,5835292,1158,NULL,NULL,NULL,NULL,721060
"2020-08-27","2020",8,"August","Aug-20",5,50518,5885810,1108,NULL,NULL,NULL,NULL,738873
"2020-08-28","2020",8,"August","Aug-20",6,46470,5932280,926,NULL,NULL,NULL,NULL,591734
"2020-08-29","2020",8,"August","Aug-20",7,43103,5975383,963,NULL,NULL,NULL,NULL,807695
"2020-08-30","2020",8,"August","Aug-20",1,34131,6009514,441,NULL,NULL,NULL,NULL,711178
"2020-08-31","2020",8,"August","Aug-20",2,33362,6042876,482,NULL,NULL,NULL,NULL,516068
"2020-09-01","2020",9,"September","Sep-20",3,41978,6084854,1065,NULL,NULL,NULL,NULL,578131
"2020-09-02","2020",9,"September","Sep-20",4,39961,6124815,1053,NULL,NULL,NULL,NULL,877698
"2020-09-03","2020",9,"September","Sep-20",5,45140,6169955,1022,NULL,NULL,NULL,NULL,968673
"2020-09-04","2020",9,"September","Sep-20",6,48334,6218289,950,NULL,NULL,NULL,NULL,664640
"2020-09-05","2020",9,"September","Sep-20",7,43623,6261912,803,NULL,NULL,NULL,NULL,689630
"2020-09-06","2020",9,"September","Sep-20",1,29119,6291031,436,NULL,NULL,NULL,NULL,935308
"2020-09-07","2020",9,"September","Sep-20",2,24563,6315594,319,NULL,NULL,NULL,NULL,704075
"2020-09-08","2020",9,"September","Sep-20",3,26744,6342338,463,NULL,NULL,NULL,NULL,616923
"2020-09-09","2020",9,"September","Sep-20",4,33638,6375976,1103,NULL,NULL,NULL,NULL,755051
"2020-09-10","2020",9,"September","Sep-20",5,39448,6415424,908,NULL,NULL,NULL,NULL,731353
"2020-09-11","2020",9,"September","Sep-20",6,44623,6460047,1142,NULL,NULL,NULL,NULL,613703
"2020-09-12","2020",9,"September","Sep-20",7,45583,6505630,740,NULL,NULL,NULL,NULL,809850
"2020-09-13","2020",9,"September","Sep-20",1,40291,6545921,393,NULL,NULL,NULL,NULL,729558
"2020-09-14","2020",9,"September","Sep-20",2,32564,6578485,420,NULL,NULL,NULL,NULL,522383
"2020-09-15","2020",9,"September","Sep-20",3,37178,6615663,1194,NULL,NULL,NULL,NULL,577847
"2020-09-16","2020",9,"September","Sep-20",4,38292,6653955,937,NULL,NULL,NULL,NULL,784746
"2020-09-17","2020",9,"September","Sep-20",5,45319,6699274,848,NULL,NULL,NULL,NULL,812214
"2020-09-18","2020",9,"September","Sep-20",6,50184,6749458,956,NULL,NULL,NULL,NULL,638575
"2020-09-19","2020",9,"September","Sep-20",7,45778,6795236,662,NULL,NULL,NULL,NULL,847968
"2020-09-20","2020",9,"September","Sep-20",1,41610,6836846,264,NULL,NULL,NULL,NULL,769936
"2020-09-21","2020",9,"September","Sep-20",2,32043,6868889,409,NULL,NULL,NULL,NULL,549741
"2020-09-22","2020",9,"September","Sep-20",3,38271,6907160,1023,NULL,NULL,NULL,NULL,608726
"2020-09-23","2020",9,"September","Sep-20",4,41120,6948280,1048,NULL,NULL,NULL,NULL,826316
"2020-09-24","2020",9,"September","Sep-20",5,48883,6997163,889,NULL,NULL,NULL,NULL,826329
"2020-09-25","2020",9,"September","Sep-20",6,47136,7044299,909,NULL,NULL,NULL,NULL,659350
"2020-09-26","2020",9,"September","Sep-20",7,43547,7087846,764,NULL,NULL,NULL,NULL,873038
"2020-09-27","2020",9,"September","Sep-20",1,33779,7121625,302,NULL,NULL,NULL,NULL,797699
"2020-09-28","2020",9,"September","Sep-20",2,37740,7159365,334,NULL,NULL,NULL,NULL,568688
"2020-09-29","2020",9,"September","Sep-20",3,42033,7201398,893,NULL,NULL,NULL,NULL,634046
"2020-09-30","2020",9,"September","Sep-20",4,38631,7240029,906,NULL,NULL,NULL,NULL,855908
"2020-10-01","2020",10,"October","Oct-20",5,46244,7286273,895,NULL,NULL,NULL,NULL,857186
"2020-10-02","2020",10,"October","Oct-20",6,53443,7339716,834,NULL,NULL,NULL,NULL,677661
"2020-10-03","2020",10,"October","Oct-20",7,49281,7388997,669,NULL,NULL,NULL,NULL,900911
"2020-10-04","2020",10,"October","Oct-20",1,33131,7422128,370,NULL,NULL,NULL,NULL,816838
"2020-10-05","2020",10,"October","Oct-20",2,37357,7459485,470,NULL,NULL,NULL,NULL,590766
"2020-10-06","2020",10,"October","Oct-20",3,44545,7504030,694,NULL,NULL,NULL,NULL,668519
"2020-10-07","2020",10,"October","Oct-20",4,49137,7553167,902,NULL,NULL,NULL,NULL,936915
"2020-10-08","2020",10,"October","Oct-20",5,57890,7611057,974,NULL,NULL,NULL,NULL,968545
"2020-10-09","2020",10,"October","Oct-20",6,55079,7666136,966,NULL,NULL,NULL,NULL,769868
"2020-10-10","2020",10,"October","Oct-20",7,55366,7721502,655,NULL,NULL,NULL,NULL,984234
"2020-10-11","2020",10,"October","Oct-20",1,46900,7768402,459,NULL,NULL,NULL,NULL,958440
"2020-10-12","2020",10,"October","Oct-20",2,42080,7810482,392,NULL,NULL,NULL,NULL,680894
"2020-10-13","2020",10,"October","Oct-20",3,50123,7860605,771,NULL,NULL,NULL,NULL,717940
"2020-10-14","2020",10,"October","Oct-20",4,58442,7919047,987,NULL,NULL,NULL,NULL,950024
"2020-10-15","2020",10,"October","Oct-20",5,63537,7982584,827,NULL,NULL,NULL,NULL,973046
"2020-10-16","2020",10,"October","Oct-20",6,70174,8052758,926,NULL,NULL,NULL,NULL,788743
"2020-10-17","2020",10,"October","Oct-20",7,54832,8107590,785,NULL,NULL,NULL,NULL,1031505
"2020-10-18","2020",10,"October","Oct-20",1,52170,8159760,458,NULL,NULL,NULL,NULL,921031
"2020-10-19","2020",10,"October","Oct-20",2,67882,8227642,481,NULL,NULL,NULL,NULL,662484
"2020-10-20","2020",10,"October","Oct-20",3,61737,8289379,930,NULL,NULL,NULL,NULL,694150
"2020-10-21","2020",10,"October","Oct-20",4,60706,8350085,1158,NULL,NULL,NULL,NULL,934386
"2020-10-22","2020",10,"October","Oct-20",5,79621,8429706,836,NULL,NULL,NULL,NULL,958437
"2020-10-23","2020",10,"October","Oct-20",6,81660,8511366,948,NULL,NULL,NULL,NULL,755287
"2020-10-24","2020",10,"October","Oct-20",7,78375,8589741,956,NULL,NULL,NULL,NULL,983745
"2020-10-25","2020",10,"October","Oct-20",1,60975,8650716,445,NULL,NULL,NULL,NULL,898735
"2020-10-26","2020",10,"October","Oct-20",2,64564,8715280,514,NULL,NULL,NULL,NULL,648517
"2020-10-27","2020",10,"October","Oct-20",3,77223,8792503,1000,NULL,NULL,NULL,NULL,666957
"2020-10-28","2020",10,"October","Oct-20",4,86477,8878980,1009,NULL,NULL,NULL,NULL,873636
"2020-10-29","2020",10,"October","Oct-20",5,91293,8970273,987,NULL,NULL,NULL,NULL,892712
"2020-10-30","2020",10,"October","Oct-20",6,99849,9070122,1057,NULL,NULL,NULL,NULL,618476
"2020-10-31","2020",10,"October","Oct-20",7,87343,9157465,921,NULL,NULL,NULL,NULL,936092
"2020-11-01","2020",11,"November","Nov-20",1,77830,9235295,491,NULL,NULL,NULL,NULL,846138
"2020-11-02","2020",11,"November","Nov-20",2,81807,9317102,556,NULL,NULL,NULL,NULL,575829
"2020-11-03","2020",11,"November","Nov-20",3,124766,9441868,1592,NULL,NULL,NULL,NULL,636533
"2020-11-04","2020",11,"November","Nov-20",4,100262,9542130,1109,NULL,NULL,NULL,NULL,867105
"2020-11-05","2020",11,"November","Nov-20",5,128081,9670211,1158,NULL,NULL,NULL,NULL,895091
"2020-11-06","2020",11,"November","Nov-20",6,127056,9797267,1207,NULL,NULL,NULL,NULL,689951
"2020-11-07","2020",11,"November","Nov-20",7,127064,9924331,1108,NULL,NULL,NULL,NULL,973020
"2020-11-08","2020",11,"November","Nov-20",1,119673,10044004,553,NULL,NULL,NULL,NULL,836600
"2020-11-09","2020",11,"November","Nov-20",2,116956,10160960,758,NULL,NULL,NULL,NULL,596475
"2020-11-10","2020",11,"November","Nov-20",3,136552,10297512,1407,NULL,NULL,NULL,NULL,674633
"2020-11-11","2020",11,"November","Nov-20",4,147682,10445194,1423,NULL,NULL,NULL,NULL,866679
"2020-11-12","2020",11,"November","Nov-20",5,158796,10603990,1198,NULL,NULL,NULL,NULL,881579
"2020-11-13","2020",11,"November","Nov-20",6,179518,10783508,1197,NULL,NULL,NULL,NULL,697360
"2020-11-14","2020",11,"November","Nov-20",7,164050,10947558,1360,NULL,NULL,NULL,NULL,978297
"2020-11-15","2020",11,"November","Nov-20",1,139715,11087273,768,NULL,NULL,NULL,NULL,883157
"2020-11-16","2020",11,"November","Nov-20",2,153087,11240360,819,NULL,NULL,NULL,NULL,611497
"2020-11-17","2020",11,"November","Nov-20",3,164647,11405007,1704,NULL,NULL,NULL,NULL,703135
"2020-11-18","2020",11,"November","Nov-20",4,171970,11576977,1913,NULL,NULL,NULL,NULL,907332
"2020-11-19","2020",11,"November","Nov-20",5,192301,11769278,2029,NULL,NULL,NULL,NULL,1019836
"2020-11-20","2020",11,"November","Nov-20",6,201669,11970947,1936,NULL,NULL,NULL,NULL,984369
"2020-11-21","2020",11,"November","Nov-20",7,179818,12150765,1637,NULL,NULL,NULL,NULL,1047934
"2020-11-22","2020",11,"November","Nov-20",1,146587,12297352,1054,NULL,NULL,NULL,NULL,917354
"2020-11-23","2020",11,"November","Nov-20",2,181512,12478864,1066,NULL,NULL,NULL,NULL,912090
"2020-11-24","2020",11,"November","Nov-20",3,173560,12652424,2134,NULL,NULL,NULL,NULL,1070967
"2020-11-25","2020",11,"November","Nov-20",4,180212,12832636,2231,NULL,NULL,NULL,NULL,560902
"2020-11-26","2020",11,"November","Nov-20",5,117250,12949886,1405,NULL,NULL,NULL,NULL,820399
"2020-11-27","2020",11,"November","Nov-20",6,214634,13164520,1547,NULL,NULL,NULL,NULL,964630
"2020-11-28","2020",11,"November","Nov-20",7,168224,13332744,1351,NULL,NULL,NULL,NULL,1176091
"2020-11-29","2020",11,"November","Nov-20",1,140350,13473094,1036,NULL,NULL,NULL,NULL,981912
"2020-11-30","2020",11,"November","Nov-20",2,154916,13628010,1313,NULL,NULL,NULL,NULL,780283
"2020-12-01","2020",12,"December","Dec-20",3,197115,13825125,2550,NULL,NULL,NULL,NULL,632356
"2020-12-02","2020",12,"December","Dec-20",4,196163,14021288,2814,NULL,NULL,NULL,NULL,738050
"2020-12-03","2020",12,"December","Dec-20",5,220221,14241509,2951,NULL,NULL,NULL,NULL,753951
"2020-12-04","2020",12,"December","Dec-20",6,235370,14476879,2610,NULL,NULL,NULL,NULL,629430
"2020-12-05","2020",12,"December","Dec-20",7,222010,14698889,2384,NULL,NULL,NULL,NULL,837137
"2020-12-06","2020",12,"December","Dec-20",1,179325,14878214,1392,NULL,NULL,NULL,NULL,703546
"2020-12-07","2020",12,"December","Dec-20",2,195460,15073674,1564,NULL,NULL,NULL,NULL,501513
"2020-12-08","2020",12,"December","Dec-20",3,227057,15300731,2571,NULL,NULL,NULL,NULL,564372
"2020-12-09","2020",12,"December","Dec-20",4,216007,15516738,3165,NULL,NULL,NULL,NULL,754307
"2020-12-10","2020",12,"December","Dec-20",5,236944,15753682,2980,NULL,NULL,NULL,NULL,787489
"2020-12-11","2020",12,"December","Dec-20",6,238903,15992585,3374,NULL,NULL,NULL,NULL,662380
"2020-12-12","2020",12,"December","Dec-20",7,224534,16217119,2509,NULL,NULL,NULL,NULL,865014
"2020-12-13","2020",12,"December","Dec-20",1,191598,16408717,1657,33775,27807,6969,NULL,752451
"2020-12-14","2020",12,"December","Dec-20",2,209828,16618545,1656,38400,32267,7099,4625,552024
"2020-12-15","2020",12,"December","Dec-20",3,226315,16844860,2977,86609,78285,7370,48209,641966
"2020-12-16","2020",12,"December","Dec-20",4,234804,17079664,3726,246886,233264,7832,160277,846934
"2020-12-17","2020",12,"December","Dec-20",5,240246,17319910,3448,520404,499754,8608,273518,1066747
"2020-12-18","2020",12,"December","Dec-20",6,247945,17567855,2936,937903,908277,9834,417499,1073563
"2020-12-19","2020",12,"December","Dec-20",7,205852,17773707,2805,1120393,1086652,10913,182490,1064619
"2020-12-20","2020",12,"December","Dec-20",1,187195,17960902,1709,1226363,1190520,11656,105970,954782
"2020-12-21","2020",12,"December","Dec-20",2,196858,18157760,1798,1611647,1568526,13208,385284,992167
"2020-12-22","2020",12,"December","Dec-20",3,205931,18363691,3298,2061129,2008899,16188,449482,1191123
"2020-12-23","2020",12,"December","Dec-20",4,221440,18585131,3382,2636884,2572717,19286,575755,846520
"2020-12-24","2020",12,"December","Dec-20",5,212948,18798079,2922,2833877,2764803,20393,196993,616469
"2020-12-25","2020",12,"December","Dec-20",6,127177,18925256,1519,2846558,2777329,20495,12681,1128773
"2020-12-26","2020",12,"December","Dec-20",7,217440,19142696,1907,2988786,2916077,21462,142228,1284599
"2020-12-27","2020",12,"December","Dec-20",1,135961,19278657,1437,3085276,3009727,22211,96490,1111751
"2020-12-28","2020",12,"December","Dec-20",2,173302,19451959,1872,3679460,3589395,26546,594184,1019347
"2020-12-29","2020",12,"December","Dec-20",3,205971,19657930,3616,4404359,4295558,31886,724899,1163696
"2020-12-30","2020",12,"December","Dec-20",4,218297,19876227,3890,5250488,5121468,40381,846129,874406
"2020-12-31","2020",12,"December","Dec-20",5,315088,20191315,3291,5673018,5534171,43656,422530,805990
"2021-01-01","2021",1,"January","Jan-21",6,178903,20370218,2247,5786460,5636522,51370,113442,1192881
"2021-01-02","2021",1,"January","Jan-21",7,272279,20642497,2543,6051400,5893086,54360,264940,1327289
"2021-01-03","2021",1,"January","Jan-21",1,203401,20845898,1431,6190888,6025542,56875,139488,1080346
"2021-01-04","2021",1,"January","Jan-21",2,185502,21031400,1983,6852100,6628353,102030,661212,766594
"2021-01-05","2021",1,"January","Jan-21",3,232864,21264264,3599,7688534,7364081,189943,836434,665855
"2021-01-06","2021",1,"January","Jan-21",4,259763,21524027,3913,8715758,8198473,363972,1027224,771734
"2021-01-07","2021",1,"January","Jan-21",5,286244,21810271,4022,9887933,9066618,645648,1172175,772471
"2021-01-08","2021",1,"January","Jan-21",6,304068,22114339,4173,11126540,9916148,1009821,1238607,709444
"2021-01-09","2021",1,"January","Jan-21",7,264739,22379078,3241,11635961,10287196,1138746,509421,886536
"2021-01-10","2021",1,"January","Jan-21",1,210843,22589921,2091,11888152,10464126,1208560,252191,708177
"2021-01-11","2021",1,"January","Jan-21",2,203963,22793884,1838,12960874,11188103,1533542,1072722,520117
"2021-01-12","2021",1,"January","Jan-21",3,221814,23015698,4376,14222401,12106707,1849312,1261527,567401
"2021-01-13","2021",1,"January","Jan-21",4,229331,23245029,4013,15549449,13138532,2120793,1327048,803688
"2021-01-14","2021",1,"January","Jan-21",5,235577,23480606,3781,16868104,14297306,2256990,1318655,903039
"2021-01-15","2021",1,"January","Jan-21",6,244998,23725604,3824,18128301,15416393,2378186,1260197,690438
"2021-01-16","2021",1,"January","Jan-21",7,217689,23943293,3564,18778508,15983436,2450398,650207,810654
"2021-01-17","2021",1,"January","Jan-21",1,176554,24119847,1992,19084633,16239614,2492693,306125,878048
"2021-01-18","2021",1,"January","Jan-21",2,140828,24260675,1568,19974413,16881645,2721185,889780,560190
"2021-01-19","2021",1,"January","Jan-21",3,156895,24417570,2396,21326717,17850731,3079789,1352304,542338
"2021-01-20","2021",1,"January","Jan-21",4,187382,24604952,4411,22936023,19010033,3502384,1609306,728978
"2021-01-21","2021",1,"January","Jan-21",5,192552,24797504,4110,24572317,20343409,3778258,1636294,755028
"2021-01-22","2021",1,"January","Jan-21",6,191775,24989279,3783,26210275,21744768,3988859,1637958,603527
"2021-01-23","2021",1,"January","Jan-21",7,178175,25167454,3537,27120727,22488423,4140315,910452,838116
"2021-01-24","2021",1,"January","Jan-21",1,140146,25307600,1845,27522812,22794722,4228995,402085,701709
"2021-01-25","2021",1,"January","Jan-21",2,129601,25437201,1768,28899350,23655566,4720152,1376538,468933
"2021-01-26","2021",1,"January","Jan-21",3,151008,25588209,3975,30564877,24709449,5303908,1665527,536935
"2021-01-27","2021",1,"January","Jan-21",4,155456,25743665,4090,32501371,25960967,5954260,1936494,750558
"2021-01-28","2021",1,"January","Jan-21",5,166761,25910426,3815,34466902,27331479,6514330,1965531,774688
"2021-01-29","2021",1,"January","Jan-21",6,163743,26074169,3578,36384918,28704603,7012082,1918016,617489
"2021-01-30","2021",1,"January","Jan-21",7,150940,26225109,2875,37404275,29462169,7255420,1019357,859039
"2021-01-31","2021",1,"January","Jan-21",1,112858,26337967,1949,37863311,29783020,7383183,459036,628989
"2021-02-01","2021",2,"February","Feb-21",2,125314,26463281,1772,39257678,30555947,7960815,1394367,493338
"2021-02-02","2021",2,"February","Feb-21",3,117030,26580311,3530,40957187,31518500,8662450,1699509,618615
"2021-02-03","2021",2,"February","Feb-21",4,124372,26704683,3872,43099986,32778127,9499787,2142799,778065
"2021-02-04","2021",2,"February","Feb-21",5,125030,26829713,3893,45449679,34166073,10415467,2349693,868624
"2021-02-05","2021",2,"February","Feb-21",6,131112,26960825,3678,47808708,35520701,11378830,2359029,705951
"2021-02-06","2021",2,"February","Feb-21",7,116860,27077685,2736,49111399,36372938,11801605,1302691,854636
"2021-02-07","2021",2,"February","Feb-21",1,89429,27167114,1469,49555613,36649007,11958821,444214,864783
"2021-02-08","2021",2,"February","Feb-21",2,82799,27249913,1443,51138326,37486012,12665982,1582713,617619
"2021-02-09","2021",2,"February","Feb-21",3,95381,27345294,3038,53116178,38522578,13564252,1977852,735009
"2021-02-10","2021",2,"February","Feb-21",4,95283,27440577,3379,55426896,39751950,14603020,2310718,1034514
"2021-02-11","2021",2,"February","Feb-21",5,106772,27547349,3168,57838250,41028738,15695001,2411354,1151420
"2021-02-12","2021",2,"February","Feb-21",6,100582,27647931,2844,60429248,42408303,16855287,2590998,900696
"2021-02-13","2021",2,"February","Feb-21",7,90758,27738689,2272,61910280,43281310,17428560,1481032,946458
"2021-02-14","2021",2,"February","Feb-21",1,68308,27806997,1158,62502734,43626348,17658847,592454,967693
"2021-02-15","2021",2,"February","Feb-21",2,55448,27862445,941,63683879,44236193,18195572,1181145,738825
"2021-02-16","2021",2,"February","Feb-21",3,59222,27921667,1633,65308028,45032306,18985614,1624149,773422
"2021-02-17","2021",2,"February","Feb-21",4,68845,27990512,2409,67277010,45965443,19977479,1968982,914823
"2021-02-18","2021",2,"February","Feb-21",5,72580,28063092,2579,69139231,46800570,20953854,1862221,1059452
"2021-02-19","2021",2,"February","Feb-21",6,75158,28138250,2524,71109487,47623702,22051732,1970256,942238
"2021-02-20","2021",2,"February","Feb-21",7,73783,28212033,1918,72418690,48220568,22733778,1309203,1115479
"2021-02-21","2021",2,"February","Feb-21",1,55265,28267298,1212,73016594,48474493,23059152,597904,963280
"2021-02-22","2021",2,"February","Feb-21",2,55483,28322781,1200,74482935,49091652,23864321,1466341,714725
"2021-02-23","2021",2,"February","Feb-21",3,73860,28396641,2272,76427292,49958599,24894453,1944357,802230
"2021-02-24","2021",2,"February","Feb-21",4,75025,28471666,3222,78959654,51203944,26131583,2532362,1051149
"2021-02-25","2021",2,"February","Feb-21",5,77279,28548945,2416,81903860,52742094,27476716,2944206,1096348
"2021-02-26","2021",2,"February","Feb-21",6,75420,28624365,2140,85023322,54416198,28861969,3119462,917282
"2021-02-27","2021",2,"February","Feb-21",7,71289,28695654,1514,87023324,55558276,29681482,2000002,1190682
"2021-02-28","2021",2,"February","Feb-21",1,51764,28747418,1090,87880415,56091951,29978562,857091,1049692
"2021-03-01","2021",3,"March","Mar-21",2,50440,28797858,1314,89949474,57298821,30780219,2069059,744812
"2021-03-02","2021",3,"March","Mar-21",3,58418,28856276,1917,92421889,58765229,31745506,2472415,826924
"2021-03-03","2021",3,"March","Mar-21",4,67051,28923327,2527,95335865,60509145,32876134,2913976,1107534
"2021-03-04","2021",3,"March","Mar-21",5,68944,28992271,1926,98546712,62467487,34124393,3210847,1168734
"2021-03-05","2021",3,"March","Mar-21",6,67879,29060150,1726,101785508,64473623,35437160,3238796,992406
"2021-03-06","2021",3,"March","Mar-21",7,61031,29121181,1514,103850554,65825402,36304690,2065046,1278557
"2021-03-07","2021",3,"March","Mar-21",1,41611,29162792,702,104780637,66503657,36652634,930083,1119303
"2021-03-08","2021",3,"March","Mar-21",2,44092,29206884,707,106951938,67988895,37507857,2171301,825745
"2021-03-09","2021",3,"March","Mar-21",3,55503,29262387,1765,109672729,69803905,38596609,2720791,974221
"2021-03-10","2021",3,"March","Mar-21",4,57772,29320159,1540,112810307,71871876,39872127,3137578,1286894
"2021-03-11","2021",3,"March","Mar-21",5,61792,29381951,1554,116262367,74153803,41278207,3452060,1409771
"2021-03-12","2021",3,"March","Mar-21",6,62605,29444556,1419,119698951,76275612,42810282,3436584,1227484
"2021-03-13","2021",3,"March","Mar-21",7,56820,29501376,975,121897305,77661502,43834877,2198354,1345284
"2021-03-14","2021",3,"March","Mar-21",1,39274,29540650,515,122885236,78309919,44264979,987931,1267345
"2021-03-15","2021",3,"March","Mar-21",2,51033,29591683,703,125178334,79811200,45140703,2293098,1092548
"2021-03-16","2021",3,"March","Mar-21",3,54067,29645750,1257,128085273,81749649,46199314,2906939,1146539
"2021-03-17","2021",3,"March","Mar-21",4,59274,29705024,1193,131268043,83882812,47337532,3182770,1413141
"2021-03-18","2021",3,"March","Mar-21",5,62390,29767414,1635,134686939,86184113,48551925,3418896,1477841
"2021-03-19","2021",3,"March","Mar-21",6,61632,29829046,1026,138038372,88404532,49780790,3351433,1373259
"2021-03-20","2021",3,"March","Mar-21",7,58867,29887913,772,140205215,89823032,50643730,2166843,1543136
"2021-03-21","2021",3,"March","Mar-21",1,35378,29923291,711,141232118,90507141,51020870,1026903,1360290
"2021-03-22","2021",3,"March","Mar-21",2,47424,29970715,549,143608021,92117006,51832797,2375903,1076453
"2021-03-23","2021",3,"March","Mar-21",3,52858,30023573,945,146685649,94104956,52991531,3077628,1164954
"2021-03-24","2021",3,"March","Mar-21",4,87757,30111330,1461,150256393,96317817,54421964,3570744,1444744
"2021-03-25","2021",3,"March","Mar-21",5,67627,30178957,1348,154104568,98587909,56077473,3848175,1535156
"2021-03-26","2021",3,"March","Mar-21",6,76371,30255328,1155,157943402,100693002,57884376,3838834,1408198
"2021-03-27","2021",3,"March","Mar-21",7,64055,30319383,807,160422937,102066342,59051948,2479535,1574228
"2021-03-28","2021",3,"March","Mar-21",1,46320,30365703,441,161635161,102737884,59604515,1212224,1406234
"2021-03-29","2021",3,"March","Mar-21",2,65872,30431575,627,164486436,104350210,60886072,2851275,1130520
"2021-03-30","2021",3,"March","Mar-21",3,61690,30493265,894,168093678,106369268,62554492,3607242,1278113
"2021-03-31","2021",3,"March","Mar-21",4,69530,30562795,1068,172277802,108786069,64500502,4184124,1562239
"2021-04-01","2021",4,"April","Apr-21",5,76856,30639651,1104,176855713,111324371,66751790,4577911,1580785
"2021-04-02","2021",4,"April","Apr-21",6,74024,30713675,885,180522330,113386929,68573357,3666617,1397958
"2021-04-03","2021",4,"April","Apr-21",7,64880,30778555,754,182829141,114713738,69734578,2306811,1543474
"2021-04-04","2021",4,"April","Apr-21",1,37923,30816478,311,183594467,115151935,70107194,765326,1561959
"2021-04-05","2021",4,"April","Apr-21",2,67087,30883565,459,186709203,116890608,71713297,3114736,1195306
"2021-04-06","2021",4,"April","Apr-21",3,62826,30946391,828,190700074,119182412,73801738,3990871,1230939
"2021-04-07","2021",4,"April","Apr-21",4,75777,31022168,2602,195070153,121748561,76113762,4370079,1510829
"2021-04-08","2021",4,"April","Apr-21",5,80066,31102234,1008,199584072,124320047,78637996,4513919,1549181
"2021-04-09","2021",4,"April","Apr-21",6,84753,31186987,908,203914810,126764425,81082936,4330738,1378237
"2021-04-10","2021",4,"April","Apr-21",7,70535,31257522,756,206808257,128490142,82743674,2893447,1561495
"2021-04-11","2021",4,"April","Apr-21",1,47456,31304978,289,208210711,129323680,83546379,1402454,1468972
"2021-04-12","2021",4,"April","Apr-21",2,62182,31367160,443,211239711,130962407,85277203,3029000,1085034
"2021-04-13","2021",4,"April","Apr-21",3,80841,31448001,865,214723453,132702413,87002896,3483742,1152703
"2021-04-14","2021",4,"April","Apr-21",4,75604,31523605,929,218424529,134432653,88936717,3701076,1491435
"2021-04-15","2021",4,"April","Apr-21",5,73982,31597587,909,222174563,136183478,90895232,3750034,1468218
"2021-04-16","2021",4,"April","Apr-21",6,83473,31681060,865,225779976,137815602,92831884,3605413,1277815
"2021-04-17","2021",4,"April","Apr-21",7,55487,31736547,705,228144657,138975570,94016019,2364681,1572383
"2021-04-18","2021",4,"April","Apr-21",1,43829,31780376,350,229278059,139512922,94600465,1133402,1412500
"2021-04-19","2021",4,"April","Apr-21",2,58546,31838922,487,231861834,140595111,96071859,2583775,1082443
"2021-04-20","2021",4,"April","Apr-21",3,62440,31901362,842,235094049,141951393,97915194,3232215,1164099
"2021-04-21","2021",4,"April","Apr-21",4,64347,31965709,884,238571027,143332502,99973220,3476978,1509649
"2021-04-22","2021",4,"April","Apr-21",5,66719,32032428,937,242070004,144729400,102040095,3498977,1521393
"2021-04-23","2021",4,"April","Apr-21",6,62895,32095323,752,245371436,146080447,103958174,3301432,1259724
"2021-04-24","2021",4,"April","Apr-21",7,54972,32150295,760,247581634,147080024,105153054,2210198,1571220
"2021-04-25","2021",4,"April","Apr-21",1,34769,32185064,303,248574632,147569107,105650305,992998,1369410
"2021-04-26","2021",4,"April","Apr-21",2,42287,32227351,475,250967915,148501707,107092047,2393283,1077199
"2021-04-27","2021",4,"April","Apr-21",3,52282,32279633,670,253867818,149606500,108892924,2899903,1184326
"2021-04-28","2021",4,"April","Apr-21",4,55186,32334819,979,256960928,150749002,110869549,3093110,1526681
"2021-04-29","2021",4,"April","Apr-21",5,58826,32393645,885,260014225,151858867,112861426,3053297,1558553
"2021-04-30","2021",4,"April","Apr-21",6,58103,32451748,804,262929097,152965331,114724778,2914872,1335535
"2021-05-01","2021",5,"May","May-21",7,48776,32500524,747,264784366,153672577,115897578,1855269,1626962
"2021-05-02","2021",5,"May","May-21",1,30556,32531080,322,265664537,153997669,116484630,880171,1463672
"2021-05-03","2021",5,"May","May-21",2,44622,32575702,476,267632814,154635131,117892886,1968277,1134103
"2021-05-04","2021",5,"May","May-21",3,42895,32618597,880,270138459,155449451,119658170,2505645,1268938
"2021-05-05","2021",5,"May","May-21",4,46043,32664640,816,272693457,156263779,121473347,2554998,1644050
"2021-05-06","2021",5,"May","May-21",5,46179,32710819,797,275220879,157039253,123300670,2527422,1703267
"2021-05-07","2021",5,"May","May-21",6,48415,32759234,757,277735325,157829734,125099192,2514446,1429657
"2021-05-08","2021",5,"May","May-21",7,35655,32794889,634,279274734,158335179,126192278,1539409,1707805
"2021-05-09","2021",5,"May","May-21",1,22870,32817759,257,279890730,158539562,126631393,615996,1657722
"2021-05-10","2021",5,"May","May-21",2,32376,32850135,389,281497476,159021292,127809970,1606746,1315493
"2021-05-11","2021",5,"May","May-21",3,35478,32885613,685,283547516,159677799,129265912,2050040,1424664
"2021-05-12","2021",5,"May","May-21",4,36151,32921764,787,285566414,160322069,130708735,2018898,1743515
"2021-05-13","2021",5,"May","May-21",5,38736,32960500,761,287847126,161249517,132120998,2280712,1716561
"2021-05-14","2021",5,"May","May-21",6,42217,33002717,627,290302019,162341527,133562768,2454893,1453267
"2021-05-15","2021",5,"May","May-21",7,30757,33033474,529,292150853,163249744,134556876,1848834,1850531
"2021-05-16","2021",5,"May","May-21",1,17692,33051166,270,293084141,163727097,135043766,933288,1734541
"2021-05-17","2021",5,"May","May-21",2,25243,33076409,393,294909998,164614934,136058230,1825857,1408017
"2021-05-18","2021",5,"May","May-21",3,28915,33105324,777,296986368,165607814,137226661,2076370,1496089
"2021-05-19","2021",5,"May","May-21",4,29605,33134929,666,299076396,166595762,138409269,2090028,1728496
"2021-05-20","2021",5,"May","May-21",5,30217,33165146,683,301099726,167518721,139590581,2023330,1820433
"2021-05-21","2021",5,"May","May-21",6,28825,33193971,618,303164214,168452985,140800765,2064488,1550044
"2021-05-22","2021",5,"May","May-21",7,21213,33215184,488,304615305,169184057,141574512,1451091,1863697
"2021-05-23","2021",5,"May","May-21",1,13784,33228968,196,305273735,169522841,141921961,658430,1747353
"2021-05-24","2021",5,"May","May-21",2,21872,33250840,434,306597804,170159036,142677292,1324069,1470840
"2021-05-25","2021",5,"May","May-21",3,24590,33275430,649,308037626,170827186,143520027,1439822,1618169
"2021-05-26","2021",5,"May","May-21",4,24596,33300026,992,309473461,171488312,144360782,1435835,1854534
"2021-05-27","2021",5,"May","May-21",5,26842,33326868,1356,310824098,172103354,145162956,1350637,1959593
"2021-05-28","2021",5,"May","May-21",6,22242,33349110,531,312157824,172708900,145953466,1333726,1605810
"2021-05-29","2021",5,"May","May-21",7,13311,33362421,344,312923877,173090121,146375777,766053,1650454
"2021-05-30","2021",5,"May","May-21",1,7354,33369775,150,313309090,173291195,146581067,385213,1900170
"2021-05-31","2021",5,"May","May-21",2,6275,33376050,172,313511674,173380577,146703435,202584,1682752
"2021-06-01","2021",6,"June","Jun-21",3,20853,33396903,632,314786222,173909616,147492500,1274548,1587910
"2021-06-02","2021",6,"June","Jun-21",4,16712,33413615,562,315907114,174405176,148177071,1120892,1815931
"2021-06-03","2021",6,"June","Jun-21",5,18396,33432011,635,317157513,174869410,149018803,1250399,1879885
"2021-06-04","2021",6,"June","Jun-21",6,17865,33449876,521,318563128,175370000,149981658,1405615,1681192
"2021-06-05","2021",6,"June","Jun-21",7,15604,33465480,584,319637003,175724096,150735939,1073875,1984658
"2021-06-06","2021",6,"June","Jun-21",1,6016,33471496,165,320154199,175895489,151099967,517196,1828396
"2021-06-07","2021",6,"June","Jun-21",2,14070,33485566,316,321228637,176268860,151843475,1074438,1560561
"2021-06-08","2021",6,"June","Jun-21",3,13039,33498605,319,322406500,176673120,152664818,1177863,1669537
"2021-06-09","2021",6,"June","Jun-21",4,18565,33517170,484,323575621,177065226,153490016,1169121,1975189
"2021-06-10","2021",6,"June","Jun-21",5,14781,33531951,414,324749205,177470561,154309122,1173584,2028961
"2021-06-11","2021",6,"June","Jun-21",6,25150,33557101,533,325985071,177899950,155166792,1235866,1812797
"2021-06-12","2021",6,"June","Jun-21",7,9160,33566261,276,326879834,178180848,155811156,894763,1817661
"2021-06-13","2021",6,"June","Jun-21",1,5270,33571531,107,327274981,178295275,156108757,395147,2097433
"2021-06-14","2021",6,"June","Jun-21",2,11786,33583317,184,328191586,178628441,156731574,916605,1800954
"2021-06-15","2021",6,"June","Jun-21",3,10729,33594046,328,329172346,178990119,157394915,980760,1678688
"2021-06-16","2021",6,"June","Jun-21",4,11908,33605954,381,330118916,179349160,158027836,946570,1792370
"2021-06-17","2021",6,"June","Jun-21",5,11763,33617717,296,331015329,179700685,158621151,896413,2039425
"2021-06-18","2021",6,"June","Jun-21",6,21182,33638899,606,331940049,180069248,159221168,924720,2081115
"2021-06-19","2021",6,"June","Jun-21",7,9052,33647951,177,332515772,180300494,159591571,575723,1882381
"2021-06-20","2021",6,"June","Jun-21",1,4956,33652907,75,332792944,180412772,159767859,277172,2100761
"2021-06-21","2021",6,"June","Jun-21",2,10554,33663461,259,333356006,180715096,160062740,563062,2030577
"2021-06-22","2021",6,"June","Jun-21",3,10796,33674257,346,334112509,181039038,160532835,756503,1795141
"2021-06-23","2021",6,"June","Jun-21",4,12665,33686922,400,334849517,181369587,160976132,737008,1801329
"2021-06-24","2021",6,"June","Jun-21",5,14475,33701397,342,335550105,181687900,161395570,700588,2085327
"2021-06-25","2021",6,"June","Jun-21",6,24603,33726000,527,336318644,182039258,161849970,768539,2137584
"2021-06-26","2021",6,"June","Jun-21",7,9369,33735369,157,336818946,182265185,162145758,500302,1918705
"2021-06-27","2021",6,"June","Jun-21",1,4622,33739991,75,337087012,182392693,162296583,268066,2167380
"2021-06-28","2021",6,"June","Jun-21",2,13583,33753574,146,337642469,182669014,162602905,555457,2066964
"2021-06-29","2021",6,"June","Jun-21",3,7477,33761051,337,338271548,182967204,162962041,629079,1808306
"2021-06-30","2021",6,"June","Jun-21",4,15351,33776402,303,338904322,183275025,163314490,632774,1920663
"2021-07-01","2021",7,"July","Jul-21",5,15120,33791522,284,339513815,183568677,163650741,609493,2147090
"2021-07-02","2021",7,"July","Jul-21",6,29757,33821279,436,340135480,183875312,163993430,621665,2196411
"2021-07-03","2021",7,"July","Jul-21",7,5414,33826693,94,340493497,184057514,164182626,358017,1915017
"2021-07-04","2021",7,"July","Jul-21",1,4285,33830978,41,340543999,184085364,164210048,50502,1681896
"2021-07-05","2021",7,"July","Jul-21",2,8902,33839880,115,340941605,184287253,164419188,397606,2160147
"2021-07-06","2021",7,"July","Jul-21",3,22282,33862162,301,341526258,184561011,164757863,584653,1889911
"2021-07-07","2021",7,"July","Jul-21",4,20176,33882338,328,342099467,184845007,165079508,573209,1880160
"2021-07-08","2021",7,"July","Jul-21",5,20865,33903203,246,342668208,185135855,165393069,568741,2027364
"2021-07-09","2021",7,"July","Jul-21",6,47592,33950795,469,343302279,185458988,165739017,634071,2147903
"2021-07-10","2021",7,"July","Jul-21",7,10119,33960914,87,343704218,185670919,165946298,401939,1987652
"2021-07-11","2021",7,"July","Jul-21",1,11747,33972661,119,343921672,185788008,166054641,217454,2198635
"2021-07-12","2021",7,"July","Jul-21",2,29423,34002084,229,344443782,186063802,166329202,522110,2093066
"2021-07-13","2021",7,"July","Jul-21",3,26531,34028615,359,344971908,186345689,166601200,528126,1832878
"2021-07-14","2021",7,"July","Jul-21",4,31125,34059740,328,345504989,186630774,166874176,533081,1900945
"2021-07-15","2021",7,"July","Jul-21",5,31961,34091701,353,346047645,186929773,167143175,542656,2152053
"2021-07-16","2021",7,"July","Jul-21",6,78109,34169810,454,346674499,187277791,167446954,626854,2199815
"2021-07-17","2021",7,"July","Jul-21",7,14102,34183912,79,347075496,187502256,167636489,400997,1979981
"2021-07-18","2021",7,"July","Jul-21",1,20329,34204241,87,347309951,187637962,167742291,234455,2227704
"2021-07-19","2021",7,"July","Jul-21",2,48843,34253084,191,347879834,187978510,167994986,569883,2141429
"2021-07-20","2021",7,"July","Jul-21",3,39726,34292810,289,348484934,188351225,168251627,605100,1871986
"2021-07-21","2021",7,"July","Jul-21",4,47736,34340546,362,349118110,188739753,168519480,633176,1934918
"2021-07-22","2021",7,"July","Jul-21",5,56526,34397072,285,349769726,189157471,168777846,651616,2101343
"2021-07-23","2021",7,"July","Jul-21",6,120802,34517874,557,350518850,189646401,169066058,749124,2159300
"2021-07-24","2021",7,"July","Jul-21",7,28744,34546618,131,350982961,189948732,169240802,464111,1942871
"2021-07-25","2021",7,"July","Jul-21",1,27972,34574590,99,351242759,190150967,169304073,259798,2177129
"2021-07-26","2021",7,"July","Jul-21",2,79372,34653962,259,351887524,190599013,169525738,644765,2124474
"2021-07-27","2021",7,"July","Jul-21",3,65003,34718965,451,352590375,191080336,169778004,702851,1858328
"2021-07-28","2021",7,"July","Jul-21",4,73576,34792541,373,353312462,191572501,170037839,722087,1923980
"2021-07-29","2021",7,"July","Jul-21",5,72545,34865086,320,354034511,192070876,170291793,722049,2127634
"2021-07-30","2021",7,"July","Jul-21",6,191445,35056531,884,354872759,192648291,170585369,838248,2198585
"2021-07-31","2021",7,"July","Jul-21",7,43891,35100422,168,355388706,192994692,170766252,515947,2007412
"2021-08-01","2021",8,"August","Aug-21",1,44569,35144991,222,355720047,193221967,170866417,331341,2238462
"2021-08-02","2021",8,"August","Aug-21",2,108361,35253352,346,356441537,193728502,171105996,721490,2031758
"2021-08-03","2021",8,"August","Aug-21",3,97754,35351106,580,357205083,194266916,171360534,763546,1797120
"2021-08-04","2021",8,"August","Aug-21",4,102446,35453552,544,357984478,194819660,171616817,779395,1855299
"2021-08-05","2021",8,"August","Aug-21",5,109687,35563239,516,358778581,195379920,171882332,794103,2063720
"2021-08-06","2021",8,"August","Aug-21",6,251896,35815135,1135,359688389,196005971,172194978,909808,2109091
"2021-08-07","2021",8,"August","Aug-21",7,63005,35878140,260,360247001,196387215,172385514,558612,1925641
"2021-08-08","2021",8,"August","Aug-21",1,34876,35913016,125,360597956,196624813,172503594,350955,2168264
"2021-08-09","2021",8,"August","Aug-21",2,159787,36072803,523,361381995,197145408,172791303,784039,2022858
"2021-08-10","2021",8,"August","Aug-21",3,117802,36190605,837,362184152,197676586,173087780,802157,1727075
"2021-08-11","2021",8,"August","Aug-21",4,154452,36345057,793,362955275,198176157,173384664,771123,1761348
"2021-08-12","2021",8,"August","Aug-21",5,144086,36489143,1028,363760826,198691330,173699632,805551,2045301
"2021-08-13","2021",8,"August","Aug-21",6,226806,36715949,1054,364711046,199272351,174090118,950220,2065379
"2021-08-14","2021",8,"August","Aug-21",7,73067,36789016,266,365338243,199634226,174333331,627197,1811767
"2021-08-15","2021",8,"August","Aug-21",1,46788,36835804,204,365740122,199846156,174495409,401879,2114166
"2021-08-16","2021",8,"August","Aug-21",2,194355,37030159,1027,366615956,200311610,174850486,875834,1980585
"2021-08-17","2021",8,"August","Aug-21",3,150592,37180751,1018,367546240,200802900,175215310,930284,1607238
"2021-08-18","2021",8,"August","Aug-21",4,167603,37348354,1206,368506633,201290852,175595598,960393,1678231
"2021-08-19","2021",8,"August","Aug-21",5,155221,37503575,1778,369459104,201772177,175977953,952471,1945026
"2021-08-20","2021",8,"August","Aug-21",6,239075,37742650,1458,370573802,202311486,176457678,1114698,1990608
"2021-08-21","2021",8,"August","Aug-21",7,92196,37834846,564,371243320,202633659,176755739,669518,1685462
"2021-08-22","2021",8,"August","Aug-21",1,44203,37879049,211,371636552,202819840,176935921,393232,1965020
"2021-08-23","2021",8,"August","Aug-21",2,208225,38087274,1330,372562954,203263056,177341947,926402,1820355
"2021-08-24","2021",8,"August","Aug-21",3,154462,38241736,1423,373519541,203726747,177758002,956587,1468219
"2021-08-25","2021",8,"August","Aug-21",4,178983,38420719,1542,374492999,204198166,178181839,973458,1539707
"2021-08-26","2021",8,"August","Aug-21",5,183771,38604490,2210,375490258,204676793,178615687,997259,1826310
"2021-08-27","2021",8,"August","Aug-21",6,238672,38843162,1744,376669230,205213747,179156953,1178972,1853622
"2021-08-28","2021",8,"August","Aug-21",7,78889,38922051,645,377384660,205533889,179498534,715430,1511294
"2021-08-29","2021",8,"August","Aug-21",1,52012,38974063,314,377817205,205728363,179704494,432545,1900658
"2021-08-30","2021",8,"August","Aug-21",2,229214,39203277,1711,378756043,206150684,180140020,938838,1629475
"2021-08-31","2021",8,"August","Aug-21",3,179961,39383238,1440,379698827,206575176,180566791,942784,1345064
"2021-09-01","2021",9,"September","Sep-21",4,190518,39573756,2040,380646133,207004141,180977076,947306,1465197
"2021-09-02","2021",9,"September","Sep-21",5,179136,39752892,3009,381547369,207409520,181379154,901236,1896846
"2021-09-03","2021",9,"September","Sep-21",6,235444,39988336,1936,382593778,207865280,181870249,1046409,2129999
"2021-09-04","2021",9,"September","Sep-21",7,85908,40074244,643,383156328,208111849,182148321,562550,1545955
"2021-09-05","2021",9,"September","Sep-21",1,63505,40137749,416,383523874,208279986,182322093,367546,1630786
"2021-09-06","2021",9,"September","Sep-21",2,93742,40231491,626,383702365,208362478,182409595,178491,2025556
"2021-09-07","2021",9,"September","Sep-21",3,209168,40440659,2076,384614988,208717607,182890430,912623,1662932
"2021-09-08","2021",9,"September","Sep-21",4,176926,40617585,2313,385462894,209084249,183293082,847906,1439804
"2021-09-09","2021",9,"September","Sep-21",5,166419,40784004,3229,386313628,209457279,183691452,850734,1685668
"2021-09-10","2021",9,"September","Sep-21",6,242012,41026016,2464,387351603,209907693,184192446,1037975,1792979
"2021-09-11","2021",9,"September","Sep-21",7,89131,41115147,835,387952054,210167107,184494279,600451,1363653
"2021-09-12","2021",9,"September","Sep-21",1,48352,41163499,371,388304289,210324709,184668911,352235,1966456
"2021-09-13","2021",9,"September","Sep-21",2,210779,41374278,2166,389088363,210662859,185053848,784074,1672895
"2021-09-14","2021",9,"September","Sep-21",3,145404,41519682,1914,389840532,210979197,185433181,752169,1271516
"2021-09-15","2021",9,"September","Sep-21",4,173253,41692935,2744,390605835,211292320,185823959,765303,1455913
"2021-09-16","2021",9,"September","Sep-21",5,158779,41851714,3474,391369067,211603898,186217628,763232,1851345
"2021-09-17","2021",9,"September","Sep-21",6,210863,42062577,2459,392275535,211956334,186701210,906468,1942337
"2021-09-18","2021",9,"September","Sep-21",7,74973,42137550,992,392799456,212162249,186978076,523921,1476269
"2021-09-19","2021",9,"September","Sep-21",1,44872,42182422,392,393109798,212283161,187146417,310342,2075468
"2021-09-20","2021",9,"September","Sep-21",2,171804,42354226,2308,393809794,212551437,187504926,699996,1820152
"2021-09-21","2021",9,"September","Sep-21",3,121738,42475964,2451,394488637,212811123,187851264,678843,1338166
"2021-09-22","2021",9,"September","Sep-21",4,131351,42607315,2690,395155252,213064719,188188776,666615,1460478
"2021-09-23","2021",9,"September","Sep-21",5,129167,42736482,3308,395832204,213320031,188519036,676952,1904732
"2021-09-24","2021",9,"September","Sep-21",6,174766,42911248,2478,396820021,213640869,188934447,987817,2019891
"2021-09-25","2021",9,"September","Sep-21",7,60495,42971743,840,397493604,213843340,189164202,673583,1525438
"2021-09-26","2021",9,"September","Sep-21",1,54317,43026060,572,397903937,213963298,189310572,410333,2102155
"2021-09-27","2021",9,"September","Sep-21",2,155947,43182007,2266,398935142,214261453,189534706,1031205,1849171
"2021-09-28","2021",9,"September","Sep-21",3,112752,43294759,2514,400068162,214551584,189839563,1133020,1334997
"2021-09-29","2021",9,"September","Sep-21",4,121389,43416148,2627,401208149,214840184,190152300,1139987,1448369
"2021-09-30","2021",9,"September","Sep-21",5,110386,43526534,2814,402370499,215129719,190474627,1162350,1934592
"2021-10-01","2021",10,"October","Oct-21",6,154830,43681364,2153,403693707,215445721,190856974,1323208,2011794
"2021-10-02","2021",10,"October","Oct-21",7,48204,43729568,836,404323646,215619081,191065026,629939,1534114
"2021-10-03","2021",10,"October","Oct-21",1,44779,43774347,529,404690183,215724999,191196120,366537,2100167
"2021-10-04","2021",10,"October","Oct-21",2,142915,43917262,1925,405673673,215971825,191454038,983490,1842054
"2021-10-05","2021",10,"October","Oct-21",3,95233,44012495,1879,406689310,216215992,191711821,1015637,1390201
"2021-10-06","2021",10,"October","Oct-21",4,112174,44124669,2659,407720462,216464189,191971659,1031152,1563565
"2021-10-07","2021",10,"October","Oct-21",5,101528,44226197,2483,408751502,216717463,192232752,1031040,2063090
"2021-10-08","2021",10,"October","Oct-21",6,131416,44357613,1812,409910032,217002614,192548263,1158530,2169783
"2021-10-09","2021",10,"October","Oct-21",7,38827,44396440,436,410445990,217149450,192717311,535958,1645563
"2021-10-10","2021",10,"October","Oct-21",1,39670,44436110,477,410760676,217241678,192823187,314686,2086146
"2021-10-11","2021",10,"October","Oct-21",2,96063,44532173,1183,411615385,217465525,193045292,854709,2083627
"2021-10-12","2021",10,"October","Oct-21",3,110606,44642779,2290,412541730,217693995,193280453,926345,1695970
"2021-10-13","2021",10,"October","Oct-21",4,108463,44751242,3211,413447890,217921207,193510468,906160,1641419
"2021-10-14","2021",10,"October","Oct-21",5,86946,44838188,2171,414358613,218146833,193740505,910723,2048398
"2021-10-15","2021",10,"October","Oct-21",6,109481,44947669,1814,415410540,218407638,194019495,1051927,2070878
"2021-10-16","2021",10,"October","Oct-21",7,39784,44987453,565,415902028,218548011,194164793,491488,1704466
"2021-10-17","2021",10,"October","Oct-21",1,31657,45019110,462,416171630,218631505,194249499,269602,2213296
"2021-10-18","2021",10,"October","Oct-21",2,98951,45118061,1779,417002235,218853700,194461549,830605,2001297
"2021-10-19","2021",10,"October","Oct-21",3,81917,45199978,1959,417823850,219055282,194654676,821615,1446353
"2021-10-20","2021",10,"October","Oct-21",4,91620,45291598,3179,418660069,219258049,194849632,836219,1647089
"2021-10-21","2021",10,"October","Oct-21",5,78084,45369682,2007,419518280,219464535,195047156,858211,2046694
"2021-10-22","2021",10,"October","Oct-21",6,95952,45465634,1860,420899827,219755430,195293224,1381547,2108582
"2021-10-23","2021",10,"October","Oct-21",7,32420,45498054,549,421731329,219930394,195426824,831502,1626185
"2021-10-24","2021",10,"October","Oct-21",1,19170,45517224,258,422205355,220037557,195507146,474026,2107839
"2021-10-25","2021",10,"October","Oct-21",2,112572,45629796,1477,423735285,220337602,195710938,1529930,1989373
"2021-10-26","2021",10,"October","Oct-21",3,66657,45696453,1582,425302677,220633478,195912399,1567392,1503587
"2021-10-27","2021",10,"October","Oct-21",4,102562,45799015,2059,426926210,220937871,196119006,1623533,1547075
"2021-10-28","2021",10,"October","Oct-21",5,75095,45874110,1848,428535299,221231793,196327985,1609089,1927041
"2021-10-29","2021",10,"October","Oct-21",6,95106,45969216,1719,430321223,221554318,196565774,1785924,1982773
"2021-10-30","2021",10,"October","Oct-21",7,34295,46003511,381,431141629,221719723,196684684,820406,1518020
"2021-10-31","2021",10,"October","Oct-21",1,32326,46035837,234,431579580,221819099,196755135,437951,1845965
"2021-11-01","2021",11,"November","Nov-21",2,113252,46149089,1279,433052313,222101393,196949964,1472733,1992577
"2021-11-02","2021",11,"November","Nov-21",3,68747,46217836,1283,434554423,222382262,197137385,1502110,1487874
"2021-11-03","2021",11,"November","Nov-21",4,85594,46303430,1962,436118674,222691419,197328567,1564251,1525948
"2021-11-04","2021",11,"November","Nov-21",5,81438,46384868,1216,437756249,223039625,197522827,1637575,1940302
"2021-11-05","2021",11,"November","Nov-21",6,96857,46481725,2123,439669150,223491062,197751532,1912901,2035406
"2021-11-06","2021",11,"November","Nov-21",7,34862,46516587,473,440703682,223880022,197868953,1034532,1527465
"2021-11-07","2021",11,"November","Nov-21",1,36828,46553415,205,441259533,224107948,197939290,555851,2152721
"2021-11-08","2021",11,"November","Nov-21",2,110748,46664163,1257,442723451,224577628,198111644,1463918,1955530
"2021-11-09","2021",11,"November","Nov-21",3,78361,46742524,1435,444360672,225098294,198276670,1637221,1456657
"2021-11-10","2021",11,"November","Nov-21",4,95070,46837594,1684,446129053,225669645,198446065,1768381,1691526
"2021-11-11","2021",11,"November","Nov-21",5,57644,46895238,882,447732474,226217227,198598599,1603421,2064753
"2021-11-12","2021",11,"November","Nov-21",6,143510,47038748,2454,449724347,226854519,198796909,1991873,2001439
"2021-11-13","2021",11,"November","Nov-21",7,43952,47082700,571,450899897,227389394,198899372,1175550,1559772
"2021-11-14","2021",11,"November","Nov-21",1,31912,47114612,201,451479228,227629030,198959864,579331,2150150
"2021-11-15","2021",11,"November","Nov-21",2,134036,47248648,1304,453030833,228087829,199126124,1551605,2010601
"2021-11-16","2021",11,"November","Nov-21",3,87271,47335919,1334,454712968,228574312,199292155,1682135,1491890
"2021-11-17","2021",11,"November","Nov-21",4,112847,47448766,1648,456473090,229079208,199463620,1760122,1624511
"2021-11-18","2021",11,"November","Nov-21",5,109828,47558594,1356,458260917,229584296,199633801,1787827,2044545
"2021-11-19","2021",11,"November","Nov-21",6,126875,47685469,1791,460333789,230165085,199827799,2072872,2242956
"2021-11-20","2021",11,"November","Nov-21",7,45361,47730830,457,461567636,230624018,199928038,1233847,2004579
"2021-11-21","2021",11,"November","Nov-21",1,39832,47770662,220,462212246,230829177,199988053,644610,2213716
"2021-11-22","2021",11,"November","Nov-21",2,144615,47915277,1268,464024425,231316449,200158532,1812179,2081064
"2021-11-23","2021",11,"November","Nov-21",3,91345,48006622,1378,465812534,231804435,200322849,1788109,2207949
"2021-11-24","2021",11,"November","Nov-21",4,111580,48118202,1712,467195358,232204418,200476376,1382824,2311978
"2021-11-25","2021",11,"November","Nov-21",5,39319,48157521,480,467223663,232213352,200481629,28305,1382230
"2021-11-26","2021",11,"November","Nov-21",6,53421,48210942,372,468429997,232524776,200657979,1206334,1778983
"2021-11-27","2021",11,"November","Nov-21",7,26538,48237480,314,469323408,232744569,200856976,893411,2208192
"2021-11-28","2021",11,"November","Nov-21",1,43149,48280629,247,469914880,232886994,201004842,591472,2451300
"2021-11-29","2021",11,"November","Nov-21",2,186292,48466921,1935,471575910,233240857,201365303,1661030,2237087
"2021-11-30","2021",11,"November","Nov-21",3,117106,48584027,1652,473497836,233645397,201755943,1921926,1810460
"2021-12-01","2021",12,"December","Dec-21",4,137114,48721141,2060,475653722,234103865,202164666,2155886,1660506
"2021-12-02","2021",12,"December","Dec-21",5,138852,48859993,3909,477812372,234550402,202557961,2158650,1866275
"2021-12-03","2021",12,"December","Dec-21",6,158612,49018605,1582,480246708,235036329,203048941,2434336,1952294
"2021-12-04","2021",12,"December","Dec-21",7,66341,49084946,681,481725643,235336787,203502140,1478935,1566729
"2021-12-05","2021",12,"December","Dec-21",1,55184,49140130,388,482455151,235502489,203692026,729508,2068792
"2021-12-06","2021",12,"December","Dec-21",2,177686,49317816,1415,484282441,235891318,204016982,1827290,1854048
"2021-12-07","2021",12,"December","Dec-21",3,113260,49431076,1577,486188765,236292861,204358987,1906324,1459054
"2021-12-08","2021",12,"December","Dec-21",4,149912,49580988,1826,488108108,236698200,204711150,1919343,1610785
"2021-12-09","2021",12,"December","Dec-21",5,124530,49705518,1574,490024038,237100287,205050741,1915930,1959937
"2021-12-10","2021",12,"December","Dec-21",6,158210,49863728,1804,492126339,237523251,205448170,2102301,2045674
"2021-12-11","2021",12,"December","Dec-21",7,56588,49920316,615,493381653,237789221,205785309,1255314,1669737
"2021-12-12","2021",12,"December","Dec-21",1,52309,49972625,354,494011389,237940313,205915024,629736,2040364
"2021-12-13","2021",12,"December","Dec-21",2,185486,50158111,1409,495623063,238286188,206193184,1611674,1912915
"2021-12-14","2021",12,"December","Dec-21",3,115038,50273149,1556,497332106,238651349,206479030,1709043,1520251
"2021-12-15","2021",12,"December","Dec-21",4,143628,50416777,2258,499043475,239027993,206739073,1711369,1762920
"2021-12-16","2021",12,"December","Dec-21",5,141731,50558508,1305,500726107,239415999,206908139,1682632,2062579
"2021-12-17","2021",12,"December","Dec-21",6,192656,50751164,1858,502651685,239846578,207159788,1925578,2233754
"2021-12-18","2021",12,"December","Dec-21",7,79760,50830924,660,503771001,240133090,207322604,1119316,2035273
"2021-12-19","2021",12,"December","Dec-21",1,89200,50920124,299,504410688,240301745,207404446,639687,2118528
"2021-12-20","2021",12,"December","Dec-21",2,240042,51160166,1581,506245047,240741998,207630424,1834359,2098540
"2021-12-21","2021",12,"December","Dec-21",3,179415,51339581,1972,508208960,241206883,207872162,1963913,1979089
"2021-12-22","2021",12,"December","Dec-21",4,243742,51583323,4199,510063058,241651269,208110205,1854098,2081297
"2021-12-23","2021",12,"December","Dec-21",5,269762,51853085,1401,511517722,242017583,208287433,1454664,2187792
"2021-12-24","2021",12,"December","Dec-21",6,248523,52101608,707,511896846,242120504,208344002,379124,1709601
"2021-12-25","2021",12,"December","Dec-21",7,86655,52188263,231,511903438,242122595,208344947,6592,1533398
"2021-12-26","2021",12,"December","Dec-21",1,178386,52366649,349,512381995,242254697,208428463,478557,2070554
"2021-12-27","2021",12,"December","Dec-21",2,500570,52867219,1796,513902830,242648824,208657897,1520835,2089186
"2021-12-28","2021",12,"December","Dec-21",3,362036,53229255,2346,515584961,243082512,208898876,1682131,1995747
"2021-12-29","2021",12,"December","Dec-21",4,502112,53731367,2360,517249327,243516996,209135055,1664366,2017937
"2021-12-30","2021",12,"December","Dec-21",5,590697,54322064,1498,518766743,243917490,209348400,1517416,2049604
"2021-12-31","2021",12,"December","Dec-21",6,513621,54835685,734,519370430,244078314,209441237,603687,1650795
"2022-01-01","2022",1,"January","Jan-22",7,188763,55024448,392,519477036,244111770,209457657,106606,1616316
"2022-01-02","2022",1,"January","Jan-22",1,285957,55310405,381,519972274,244248491,209548129,495238,2023309
"2022-01-03","2022",1,"January","Jan-22",2,1044956,56355361,1844,521203999,244588372,209744497,1231725,1916499
"2022-01-04","2022",1,"January","Jan-22",3,812223,57167584,2322,522607762,244959610,209958218,1403763,1666715
"2022-01-05","2022",1,"January","Jan-22",4,662606,57830190,2200,524042878,245338006,210170464,1435116,1493235
"2022-01-06","2022",1,"January","Jan-22",5,835033,58665223,2082,525488514,245707065,210382386,1445636,1533544
"2022-01-07","2022",1,"January","Jan-22",6,869756,59534979,2412,527114359,246105204,210627136,1625845,1502714
"2022-01-08","2022",1,"January","Jan-22",7,397693,59932672,840,528154220,246378835,210801871,1039861,1449698
"2022-01-09","2022",1,"January","Jan-22",1,485031,60417703,590,528647966,246520745,210876724,493746,1693518
"2022-01-10","2022",1,"January","Jan-22",2,1383913,61801616,2014,529894833,246850514,211066608,1246867,1449550
"2022-01-11","2022",1,"January","Jan-22",3,787394,62589010,2518,531190256,247188527,211267744,1295423,1125952
"2022-01-12","2022",1,"January","Jan-22",4,848642,63437652,2828,532486686,247527802,211467465,1296430,1231419
"2022-01-13","2022",1,"January","Jan-22",5,861347,64298999,2532,533762348,247864120,211655777,1275662,1541835
"2022-01-14","2022",1,"January","Jan-22",6,880068,65179067,2765,535218201,248241831,211830215,1455853,1728383
"2022-01-15","2022",1,"January","Jan-22",7,408325,65587392,998,536004203,248467823,211917763,786002,1403734
"2022-01-16","2022",1,"January","Jan-22",1,479806,66067198,741,536393434,248574265,211975727,389231,1379403
"2022-01-17","2022",1,"January","Jan-22",2,675141,66742339,1025,537216250,248790085,212116305,822816,1699242
"2022-01-18","2022",1,"January","Jan-22",3,1129521,67871860,2686,538205582,249042123,212304416,989332,1301462
"2022-01-19","2022",1,"January","Jan-22",4,908133,68779993,3507,539174682,249290778,212490533,969100,1201583
"2022-01-20","2022",1,"January","Jan-22",5,732606,69512599,2938,540101436,249529529,212666574,926754,1471161
"2022-01-21","2022",1,"January","Jan-22",6,841101,70353700,3387,541168333,249804222,212827396,1066897,1514369
"2022-01-22","2022",1,"January","Jan-22",7,302516,70656216,998,541783850,249975355,212910132,615517,1241792
"2022-01-23","2022",1,"January","Jan-22",1,365454,71021670,709,542113896,250066617,212974276,330046,1648529
"2022-01-24","2022",1,"January","Jan-22",2,922164,71943834,2165,542904220,250269496,213134178,790324,1397281
"2022-01-25","2022",1,"January","Jan-22",3,493097,72436931,3215,543700189,250472176,213309250,795969,1059741
"2022-01-26","2022",1,"January","Jan-22",4,624069,73061000,3855,544484292,250671773,213487663,784103,1198339
"2022-01-27","2022",1,"January","Jan-22",5,506263,73567263,2631,545266101,250868933,213662176,781809,1555773
"2022-01-28","2022",1,"January","Jan-22",6,614080,74181343,4119,546211499,251096878,213871636,945398,1632406
"2022-01-29","2022",1,"January","Jan-22",7,178627,74359970,1186,546678958,251217319,213983659,467459,1070691
"2022-01-30","2022",1,"January","Jan-22",1,197964,74557934,471,546942534,251289462,214050826,263576,1714280
"2022-01-31","2022",1,"January","Jan-22",2,542245,75100179,2622,547568637,251448932,214208880,626103,1537573
"2022-02-01","2022",2,"February","Feb-22",3,325414,75425593,3382,548175068,251597631,214368115,606431,1200580
"2022-02-02","2022",2,"February","Feb-22",4,329541,75755134,3593,548739880,251740592,214522130,564812,1192973
"2022-02-03","2022",2,"February","Feb-22",5,274812,76029946,2475,549252835,251868164,214661492,512955,1339533
"2022-02-04","2022",2,"February","Feb-22",6,354972,76384918,4105,549902809,252020779,214845145,649974,1577790
"2022-02-05","2022",2,"February","Feb-22",7,86431,76471349,902,550338730,252130141,214977761,435921,1399444
"2022-02-06","2022",2,"February","Feb-22",1,83477,76554826,458,550551090,252189743,215038430,212360,1785846
"2022-02-07","2022",2,"February","Feb-22",2,346441,76901267,3066,551029811,252317375,215170045,478721,1591438
"2022-02-08","2022",2,"February","Feb-22",3,214372,77115639,2997,551526161,252442476,215315060,496350,1232591
"2022-02-09","2022",2,"February","Feb-22",4,188407,77304046,3443,552031913,252571855,215459905,505752,1386325
"2022-02-10","2022",2,"February","Feb-22",5,171413,77475459,3280,552534630,252699354,215599169,502717,1782705
"2022-02-11","2022",2,"February","Feb-22",6,209319,77684778,2706,553152036,252850649,215772191,617406,1914374
"2022-02-12","2022",2,"February","Feb-22",7,51867,77736645,814,553497155,252941723,215874121,345119,1534080
"2022-02-13","2022",2,"February","Feb-22",1,58321,77794966,572,553649186,252984935,215919996,152031,1815824
"2022-02-14","2022",2,"February","Feb-22",2,170181,77965147,3203,553987439,253073321,216016799,338253,1731473
"2022-02-15","2022",2,"February","Feb-22",3,111172,78076319,2611,554384897,253173308,216131479,397458,1479653
"2022-02-16","2022",2,"February","Feb-22",4,114817,78191136,3188,554793945,253275729,216247381,409048,1656217
"2022-02-17","2022",2,"February","Feb-22",5,101691,78292827,2957,555196250,253374293,216356254,402305,1977756
"2022-02-18","2022",2,"February","Feb-22",6,145170,78437997,2503,555718212,253498048,216498113,521962,2241123
"2022-02-19","2022",2,"February","Feb-22",7,31406,78469403,683,555999721,253572878,216576181,281509,1826392
"2022-02-20","2022",2,"February","Feb-22",1,23005,78492408,438,556153415,253615433,216618149,153694,2067788
"2022-02-21","2022",2,"February","Feb-22",2,82890,78575298,918,556469295,253695809,216705711,315880,2215453
"2022-02-22","2022",2,"February","Feb-22",3,89335,78664633,2173,556812523,253783190,216801151,343228,1780987
"2022-02-23","2022",2,"February","Feb-22",4,85138,78749771,3115,557150869,253869577,216892925,338346,1752841
"2022-02-24","2022",2,"February","Feb-22",5,67072,78816843,2969,557476034,253951697,216977196,325165,1980803
"2022-02-25","2022",2,"February","Feb-22",6,74372,78891215,2083,557864726,254046868,217080854,388692,2098325
"2022-02-26","2022",2,"February","Feb-22",7,47412,78938627,761,558106749,254112211,217144857,242023,1840996
"2022-02-27","2022",2,"February","Feb-22",1,18220,78956847,223,558229563,254146365,217176576,122814,2145281
"2022-02-28","2022",2,"February","Feb-22",2,98918,79055765,2152,558541188,254222388,217256039,311625,1979422
"2022-03-01","2022",3,"March","Mar-22",3,46707,79102472,1786,558813071,254290081,217327719,271883,1635546
"2022-03-02","2022",3,"March","Mar-22",4,53401,79155873,2094,559067704,254356234,217398194,254633,1738406
"2022-03-03","2022",3,"March","Mar-22",5,48608,79204481,1716,559319243,254420876,217466593,251539,2038115
"2022-03-04","2022",3,"March","Mar-22",6,51257,79255738,1736,559634224,254498989,217554090,314981,2132807
"2022-03-05","2022",3,"March","Mar-22",7,14919,79270657,306,559814661,254548528,217605215,180437,1830246
"2022-03-06","2022",3,"March","Mar-22",1,12394,79283051,212,559902786,254574949,217629375,88125,2180940
"2022-03-07","2022",3,"March","Mar-22",2,64081,79347132,1708,560111231,254631278,217683355,208445,2017973
"2022-03-08","2022",3,"March","Mar-22",3,29755,79376887,1419,560323970,254686237,217741200,212739,1644052
"2022-03-09","2022",3,"March","Mar-22",4,37701,79414588,2027,560534162,254741659,217799427,210192,1844208
"2022-03-10","2022",3,"March","Mar-22",5,46578,79461166,1774,560744805,254796027,217858003,210643,2184044
"2022-03-11","2022",3,"March","Mar-22",6,49705,79510871,1657,561001056,254860138,217930744,256251,2297374
"2022-03-12","2022",3,"March","Mar-22",7,10218,79521089,275,561141999,254899390,217971458,140943,1990954
"2022-03-13","2022",3,"March","Mar-22",1,11050,79532139,192,561215696,254921139,217992105,73697,2288800
"2022-03-14","2022",3,"March","Mar-22",2,35384,79567523,1326,561408256,254972072,218042551,192560,2200172
"2022-03-15","2022",3,"March","Mar-22",3,24375,79591898,1088,561610122,255024554,218094608,201866,1858773
"2022-03-16","2022",3,"March","Mar-22",4,46129,79638027,1848,561814736,255078323,218146147,204614,1993734
"2022-03-17","2022",3,"March","Mar-22",5,53172,79691199,1511,562008919,255127701,218193706,194183,2221946
"2022-03-18","2022",3,"March","Mar-22",6,31358,79722557,814,562259239,255190474,218254463,250320,2308212
"2022-03-19","2022",3,"March","Mar-22",7,10879,79733436,284,562403328,255229519,218290904,144089,2099056
"2022-03-20","2022",3,"March","Mar-22",1,11451,79744887,87,562478506,255252228,218308543,75178,2366751
"2022-03-21","2022",3,"March","Mar-22",2,42269,79787156,1533,562664096,255303846,218351737,185590,2158280
"2022-03-22","2022",3,"March","Mar-22",3,24562,79811718,566,562843857,255351423,218394587,179761,1856872
"2022-03-23","2022",3,"March","Mar-22",4,41011,79852729,1649,563033837,255403549,218440205,189980,1962056
"2022-03-24","2022",3,"March","Mar-22",5,42994,79895723,864,563219658,255456118,218482543,185821,2234353
"2022-03-25","2022",3,"March","Mar-22",6,46436,79942159,622,563448344,255518282,218536003,228686,2290587
"2022-03-26","2022",3,"March","Mar-22",7,9434,79951593,151,563570752,255552205,218565815,122408,2009500
"2022-03-27","2022",3,"March","Mar-22",1,11790,79963383,60,563634197,255570173,218580510,63445,2307110
"2022-03-28","2022",3,"March","Mar-22",2,38970,80002353,1032,563804049,255620186,218617664,169852,2131678
"2022-03-29","2022",3,"March","Mar-22",3,24181,80026534,985,563998380,255666184,218657035,194331,1736292
"2022-03-30","2022",3,"March","Mar-22",4,39182,80065716,1168,564396475,255726386,218714001,398095,1887350
"2022-03-31","2022",3,"March","Mar-22",5,45634,80111350,521,564947914,255802078,218779418,551439,2196867
"2022-04-01","2022",4,"April","Apr-22",6,32218,80143568,835,565596786,255880930,218858107,648872,2271659
"2022-04-02","2022",4,"April","Apr-22",7,11807,80155375,158,565939817,255926532,218901959,343031,1913117
"2022-04-03","2022",4,"April","Apr-22",1,4755,80160130,59,566148751,255955472,218927702,208934,2204115
"2022-04-04","2022",4,"April","Apr-22",2,28904,80189034,589,566702418,256025302,218988919,553667,2139084
"2022-04-05","2022",4,"April","Apr-22",3,25603,80214637,514,567251484,256088053,219049835,549066,1848862
"2022-04-06","2022",4,"April","Apr-22",4,40947,80255584,1128,567824662,256153062,219113858,573178,1978691
"2022-04-07","2022",4,"April","Apr-22",5,50638,80306222,829,568403362,256216637,219176294,578700,2216218
"2022-04-08","2022",4,"April","Apr-22",6,75026,80381248,643,569071468,256288166,219250745,668106,2318977
"2022-04-09","2022",4,"April","Apr-22",7,12712,80393960,145,569407662,256331906,219292421,336194,1946502
"2022-04-10","2022",4,"April","Apr-22",1,9532,80403492,25,569603430,256359452,219316913,195768,2293548
"2022-04-11","2022",4,"April","Apr-22",2,40341,80443833,339,570180487,256423715,219378330,577057,2181446
"2022-04-12","2022",4,"April","Apr-22",3,35744,80479577,616,570790360,256488681,219440990,609873,1883294
"2022-04-13","2022",4,"April","Apr-22",4,55390,80534967,949,571367595,256554426,219502544,577235,2040285
"2022-04-14","2022",4,"April","Apr-22",5,50664,80585631,705,571951416,256620736,219564152,583821,2337501
"2022-04-15","2022",4,"April","Apr-22",6,35438,80621069,462,572514427,256687853,219627982,563011,2311092
"2022-04-16","2022",4,"April","Apr-22",7,12336,80633405,54,572773446,256724873,219660717,259019,1894331
"2022-04-17","2022",4,"April","Apr-22",1,7503,80640908,11,572832626,256736788,219668936,59180,2214519
"2022-04-18","2022",4,"April","Apr-22",2,61388,80702296,261,573342916,256796315,219724966,510290,2288902
"2022-04-19","2022",4,"April","Apr-22",3,39262,80741558,444,573878783,256857419,219780997,535867,1979882
"2022-04-20","2022",4,"April","Apr-22",4,68939,80810497,895,574407369,256917967,219837671,528586,2027836
"2022-04-21","2022",4,"April","Apr-22",5,61696,80872193,430,574903610,256975775,219891617,496241,2279905
"2022-04-22","2022",4,"April","Apr-22",6,90052,80962245,559,575386472,257031606,219946164,482862,2293242
"2022-04-23","2022",4,"April","Apr-22",7,19732,80981977,51,575645662,257068579,219978913,259190,1826772
"2022-04-24","2022",4,"April","Apr-22",1,13488,80995465,32,575778102,257089555,219996403,132440,2293427
"2022-04-25","2022",4,"April","Apr-22",2,70204,81065669,288,576198019,257140087,220044316,419917,2182717
"2022-04-26","2022",4,"April","Apr-22",3,45350,81111019,328,576645432,257192135,220093050,447413,1863020
"2022-04-27","2022",4,"April","Apr-22",4,90015,81201034,803,577110783,257246296,220143732,465351,1996601
"2022-04-28","2022",4,"April","Apr-22",5,77355,81278389,410,577578386,257300825,220195379,467603,2258077
"2022-04-29","2022",4,"April","Apr-22",6,61189,81339578,430,578078170,257359393,220252795,499784,2275133
"2022-04-30","2022",4,"April","Apr-22",7,23980,81363558,115,578315117,257393222,220283524,236947,1877559
"2022-05-01","2022",5,"May","May-22",1,16700,81380258,22,578442034,257413578,220300393,126917,2263646
"2022-05-02","2022",5,"May","May-22",2,94705,81474963,290,578824723,257461255,220343877,382689,2136427
"2022-05-03","2022",5,"May","May-22",3,49586,81524549,753,579233923,257510770,220389587,409200,1764745
"2022-05-04","2022",5,"May","May-22",4,112025,81636574,1950,579638673,257560706,220435006,404750,1953128
"2022-05-05","2022",5,"May","May-22",5,88548,81725122,309,580038078,257609330,220480686,399405,2234701
"2022-05-06","2022",5,"May","May-22",6,128756,81853878,376,580481189,257663289,220533073,443111,2279258
"2022-05-07","2022",5,"May","May-22",7,27818,81881696,185,580684421,257693537,220560262,203232,1869222
"2022-05-08","2022",5,"May","May-22",1,5761,81887457,25,580773487,257709423,220571784,89066,2248861
"2022-05-09","2022",5,"May","May-22",2,130007,82017464,248,581153409,257755997,220615279,379922,2231804
"2022-05-10","2022",5,"May","May-22",3,70239,82087703,332,581563421,257806364,220660083,410012,1900738
"2022-05-11","2022",5,"May","May-22",4,160178,82247881,928,581972398,257856565,220705237,408977,2025161
"2022-05-12","2022",5,"May","May-22",5,113975,82361856,59,582391901,257906921,220750903,419503,2327671
"2022-05-13","2022",5,"May","May-22",6,87370,82449226,200,582849266,257963512,220800993,457365,2352035
"2022-05-14","2022",5,"May","May-22",7,17043,82466269,57,583082942,257996928,220829871,233676,1979713
"2022-05-15","2022",5,"May","May-22",1,32100,82498369,33,583210807,258017177,220846289,127865,2395894
"2022-05-16","2022",5,"May","May-22",2,178703,82677072,240,583587501,258066941,220888758,376694,2278197
"2022-05-17","2022",5,"May","May-22",3,84574,82761646,387,583981638,258118173,220931464,394137,2036479
"2022-05-18","2022",5,"May","May-22",4,203748,82965394,957,584386191,258170634,220976069,404553,2097515
"2022-05-19","2022",5,"May","May-22",5,135145,83100539,326,584809444,258223449,221021589,423253,2348193
"2022-05-20","2022",5,"May","May-22",6,149028,83249567,410,585305518,258283724,221074065,496074,2346625
"2022-05-21","2022",5,"May","May-22",7,26910,83276477,69,585569919,258318785,221104445,264401,1988843
"2022-05-22","2022",5,"May","May-22",1,19555,83296032,36,585719644,258340386,221122536,149725,2350927
"2022-05-23","2022",5,"May","May-22",2,142414,83438446,229,586140270,258393506,221167620,420626,2329044
"2022-05-24","2022",5,"May","May-22",3,82945,83521391,342,586550162,258444805,221210644,409892,2020742
"2022-05-25","2022",5,"May","May-22",4,209974,83731365,1069,586944730,258495408,221253770,394568,2147736
"2022-05-26","2022",5,"May","May-22",5,145351,83876716,333,587325425,258544119,221294436,380695,2379860
"2022-05-27","2022",5,"May","May-22",6,107839,83984555,552,587751327,258598745,221341224,425902,2384721
"2022-05-28","2022",5,"May","May-22",7,12493,83997048,33,587945171,258626225,221364012,193844,1994151
"2022-05-29","2022",5,"May","May-22",1,4539,84001587,8,588054611,258643828,221377214,109440,2096466
"2022-05-30","2022",5,"May","May-22",2,59714,84061301,27,588083513,258649232,221380948,28902,2312179
"2022-05-31","2022",5,"May","May-22",3,166927,84228228,342,588434707,258696682,221423061,351194,2108054
"2022-06-01","2022",6,"June","Jun-22",4,223673,84451901,652,588775323,258747017,221460079,340616,1999087
"2022-06-02","2022",6,"June","Jun-22",5,118424,84570325,317,589087860,258787315,221493863,312537,2213168
"2022-06-03","2022",6,"June","Jun-22",6,154004,84724329,391,589425825,258831184,221531065,337965,2332592
"2022-06-04","2022",6,"June","Jun-22",7,24555,84748884,145,589584836,258853710,221549942,159011,1981408
"2022-06-05","2022",6,"June","Jun-22",1,13138,84762022,18,589635094,258862178,221556299,50258,2387196
"2022-06-06","2022",6,"June","Jun-22",2,120265,84882287,272,589654644,258865995,221559553,19550,2279743
"2022-06-07","2022",6,"June","Jun-22",3,121658,85003945,469,NULL,NULL,NULL,NULL,2052377
"2022-06-08","2022",6,"June","Jun-22",4,NULL,NULL,NULL,NULL,NULL,NULL,NULL,2155747
"2022-06-09","2022",6,"June","Jun-22",5,NULL,NULL,NULL,NULL,NULL,NULL,NULL,2371014
